ID,Expression,HalideResult,HalideTime
1,( <= ( max ( + ( min ( min ( - ( / ( - ( min ( max ( min ( * v1 8 ) 2004 ) 5 ) ( + ( + v2 v3 ) 255 ) ) ( max ( * ( max ( min ( / v4 8 ) 249 ) 0 ) 8 ) 4 ) ) 252 ) 1 ) ( / ( - ( - ( + v2 v3 ) ( max ( * ( max ( min ( / v4 8 ) 249 ) 0 ) 8 ) 4 ) ) 248 ) 252 ) ) ( - ( + 0 ( / ( + v5 251 ) 252 ) ) 1 ) ) 1 ) ( min ( max ( / ( + ( - v3 ( max ( * ( max ( min ( / v4 8 ) 249 ) 0 ) 8 ) 4 ) ) 255 ) 252 ) 0 ) ( + ( / ( + v5 251 ) 252 ) 0 ) ) ) ( min ( max ( / ( + ( - v3 ( max ( * ( max ( min ( / v4 8 ) 249 ) 0 ) 8 ) 4 ) ) 255 ) 252 ) 0 ) ( + ( / ( + v5 251 ) 252 ) 0 ) ) ),0,2945
2,( != ( / ( + ( - v0 v1 ) 20 ) 9 ) 0 ),0,445
3,( == ( * v0 2 ) ( - ( + ( * v0 2 ) ( + ( * ( - ( / ( min ( + ( * ( min ( / ( min ( + ( * v1 2 ) 1 ) v2 ) 2 ) v1 ) 2 ) 1 ) v2 ) 2 ) v1 ) 4 ) 8 ) ) 1 ) ),0,241
4,( == ( min ( max ( max ( - ( max ( min v0 2002 ) 3 ) 3 ) v1 ) ( + v2 v1 ) ) ( + ( + ( max ( min v0 2002 ) 3 ) v3 ) 3 ) ) ( min ( max ( max ( - ( max ( min v0 2002 ) 3 ) 3 ) v1 ) ( + v2 v1 ) ) ( + ( + ( max ( min v0 2002 ) 3 ) v3 ) 3 ) ) ),1,96
5,( != ( + ( / ( - ( max v0 0 ) v1 ) 3 ) 3 ) 0 ),0,479
6,( == ( + ( / ( - ( / ( + ( + v0 v1 ) 39 ) 32 ) ( / ( - v1 8 ) 32 ) ) 36 ) 1 ) ( + ( / ( - ( / ( + ( + v0 v1 ) 39 ) 32 ) ( / ( - v1 8 ) 32 ) ) 36 ) 1 ) ),1,76
7,( == ( min ( * v0 8 ) ( + ( * ( + ( / v1 8 ) ( * v2 63 ) ) 8 ) 485 ) ) ( min ( * v0 8 ) ( + ( * ( + ( / v1 8 ) ( * v2 63 ) ) 8 ) 485 ) ) ),1,52
8,( == ( - ( + ( * v0 8 ) ( * v1 33 ) ) ( min ( - ( * v2 8 ) ( * v3 65 ) ) ( + ( + ( min ( * v1 33 ) 32 ) ( * v0 8 ) ) 23 ) ) ) ( - ( + ( * v0 8 ) ( * v1 33 ) ) ( min ( - ( * v2 8 ) ( * v3 65 ) ) ( + ( + ( min ( * v1 33 ) 32 ) ( * v0 8 ) ) 23 ) ) ) ),1,95
9,( == ( min ( max ( min ( + ( / v0 8 ) v1 ) 249 ) 0 ) ( + ( max ( min ( / v0 8 ) 256 ) 7 ) 114 ) ) ( min ( max ( min ( + ( / v0 8 ) v1 ) 249 ) 0 ) ( + ( max ( min ( / v0 8 ) 256 ) 7 ) 114 ) ) ),1,63
10,( == ( + ( max ( min ( / ( + v0 v1 ) 8 ) 249 ) 0 ) ( * v2 4 ) ) ( + ( max ( min ( / ( + v0 v1 ) 8 ) 249 ) 0 ) ( * v2 4 ) ) ),1,49
11,( == ( min ( / ( + ( + v0 v1 ) 7 ) 8 ) ( + ( + ( / v1 8 ) ( * v2 32 ) ) 31 ) ) ( min ( / ( + ( + v0 v1 ) 7 ) 8 ) ( + ( + ( / v1 8 ) ( * v2 32 ) ) 31 ) ) ),1,63
12,( >= ( - -15 ( max v0 -13 ) ) ( - ( + ( - -15 ( max v0 -13 ) ) ( + ( max v0 -13 ) 17 ) ) 1 ) ),0,69
13,( == 0 ( - ( + 0 ( + ( * ( min ( - ( - ( max ( / ( + ( + v0 v1 ) 23 ) 8 ) 249 ) ( * v2 8 ) ) ( min ( / v1 8 ) 4 ) ) 3 ) 2 ) 10 ) ) 1 ) ),0,193
14,( == ( - ( * ( / ( max ( min ( / ( + ( + v0 v1 ) 7 ) 8 ) 249 ) 0 ) 8 ) 2 ) ( + ( * v2 2 ) ( + ( * v3 17 ) ( + ( * v4 9 ) v5 ) ) ) ) ( - ( * ( / ( max ( min ( / ( + ( + v0 v1 ) 7 ) 8 ) 249 ) 0 ) 8 ) 2 ) ( + ( * v2 2 ) ( + ( * v3 17 ) ( + ( * v4 9 ) v5 ) ) ) ) ),1,105
15,( == ( + ( - ( * v0 4 ) ( / ( - ( + v1 v2 ) 1 ) 8 ) ) v3 ) ( + ( - ( * v0 4 ) ( / ( - ( + v1 v2 ) 1 ) 8 ) ) v3 ) ),1,59
16,( == ( + ( * ( / ( + ( min ( - ( * v0 4 ) 8 ) v1 ) 15 ) 4 ) 4 ) ( + ( * v2 16 ) v3 ) ) ( + ( * ( / ( + ( min ( - ( * v0 4 ) 8 ) v1 ) 15 ) 4 ) 4 ) ( + ( * v2 16 ) v3 ) ) ),1,80
17,( == ( + ( * v0 56 ) ( * ( / ( + v1 v2 ) 250 ) 64 ) ) ( + ( * v0 56 ) ( * ( / ( + v1 v2 ) 250 ) 64 ) ) ),1,43
18,( == ( max ( + ( / ( - 112 v0 ) 4 ) ( * ( / ( + ( + v1 v2 ) 251 ) 63 ) 8 ) ) ( + ( - ( * ( / ( + ( + v1 v2 ) 251 ) 63 ) 8 ) ( / v0 4 ) ) 28 ) ) ( max ( + ( / ( - 112 v0 ) 4 ) ( * ( / ( + ( + v1 v2 ) 251 ) 63 ) 8 ) ) ( + ( - ( * ( / ( + ( + v1 v2 ) 251 ) 63 ) 8 ) ( / v0 4 ) ) 28 ) ) ),1,99
19,( && ( && ( && ( && ( && ( && 1 ( <= ( - ( + ( * ( + ( + ( min v0 4 ) v1 ) 0 ) 4 ) 0 ) 15 ) ( - ( + ( * ( + ( + ( min v0 4 ) v1 ) 0 ) 4 ) 0 ) 15 ) ) ) ( >= ( - ( + ( * ( + ( + ( min v0 4 ) v1 ) ( + v2 3 ) ) 4 ) 3 ) 15 ) ( - ( + ( * ( + ( + ( min v0 4 ) v1 ) ( - ( + ( + v2 4 ) 0 ) 1 ) ) 4 ) ( - ( + 4 0 ) 1 ) ) 15 ) ) ) ( <= v3 ( + 0 v3 ) ) ) ( >= ( + v3 6 ) ( + ( - ( + 7 0 ) 1 ) v3 ) ) ) ( <= ( + ( * v4 2 ) v5 ) ( + ( * v4 2 ) v5 ) ) ) ( >= ( + ( * v4 2 ) v5 ) ( + ( * v4 2 ) v5 ) ) ),1,282
20,( != ( / ( + ( * v0 64 ) 427 ) 276 ) 0 ),0,460
21,( == ( - ( max v0 0 ) ( + ( * v1 4 ) v2 ) ) ( - ( max v0 0 ) ( + ( * v1 4 ) v2 ) ) ),1,39
22,( <= ( max ( + ( min ( min ( + ( - ( / ( min ( + ( * v3 8 ) 2 ) ( + v4 v5 ) ) 4 ) ( * ( + ( * v6 12 ) v1 ) 2 ) ) 7 ) ( - 7 ( * ( max ( - v1 v2 ) -8 ) 2 ) ) ) ( - ( + 0 ( + ( * ( min ( - v2 v1 ) 8 ) 2 ) 9 ) ) 1 ) ) 1 ) ( min ( max ( + ( - ( / v5 4 ) ( * ( + ( * v6 12 ) v1 ) 2 ) ) 8 ) 0 ) ( + ( + ( * ( min ( - v2 v1 ) 8 ) 2 ) 9 ) 0 ) ) ) ( min ( max ( + ( - ( / v5 4 ) ( * ( + ( * v6 12 ) v1 ) 2 ) ) 8 ) 0 ) ( + ( + ( * ( min ( - v2 v1 ) 8 ) 2 ) 9 ) 0 ) ) ),0,3286
23,( == ( min ( / ( + ( + v0 v1 ) 68 ) 8 ) ( + ( / ( + v0 v1 ) 8 ) ( * v2 8 ) ) ) ( min ( / ( + ( + v0 v1 ) 68 ) 8 ) ( + ( / ( + v0 v1 ) 8 ) ( * v2 8 ) ) ) ),1,93
24,( && ( && ( && ( && ( && ( && 1 ( <= ( + ( + ( * 0 4 ) v0 ) 0 ) ( + ( + ( * 0 4 ) v0 ) 0 ) ) ) ( >= ( + ( + ( * ( / ( - v1 v0 ) 4 ) 4 ) v0 ) 3 ) ( + ( + ( * ( / ( - v1 v0 ) 4 ) 4 ) v0 ) ( - ( + 4 0 ) 1 ) ) ) ) ( <= v2 v2 ) ) ( >= v2 v2 ) ) ( <= v3 v3 ) ) ( >= v3 v3 ) ),1,159
25,( == ( - ( - ( * ( + ( * ( max ( min ( / ( + v0 v1 ) 63 ) 31 ) 0 ) 2 ) v2 ) 4 ) ( * v2 4 ) ) ( * ( max ( min ( / ( + v0 v1 ) 63 ) 31 ) 0 ) 8 ) ) ( - ( - ( * ( + ( * ( max ( min ( / ( + v0 v1 ) 63 ) 31 ) 0 ) 2 ) v2 ) 4 ) ( * v2 4 ) ) ( * ( max ( min ( / ( + v0 v1 ) 63 ) 31 ) 0 ) 8 ) ) ),1,144
26,( == ( / ( + ( * ( - ( / ( + ( + v0 v1 ) 39 ) 8 ) ( / v1 8 ) ) 8 ) 753 ) 697 ) ( / ( + ( * ( - ( / ( + ( + v0 v1 ) 39 ) 8 ) ( / v1 8 ) ) 8 ) 753 ) 697 ) ),1,37
27,( != ( / ( + ( - v0 v1 ) 81 ) 68 ) 0 ),0,453
28,( == ( + ( min ( * ( + ( / v0 32 ) v1 ) 16 ) ( + ( * ( / ( + ( + v2 v0 ) 31 ) 32 ) 16 ) 67 ) ) ( * v3 8 ) ) ( + ( min ( * ( + ( / v0 32 ) v1 ) 16 ) ( + ( * ( / ( + ( + v2 v0 ) 31 ) 32 ) 16 ) 67 ) ) ( * v3 8 ) ) ),1,83
29,( == ( min ( * ( / ( + ( + v0 v1 ) 63 ) 32 ) 4 ) ( + ( * v2 4 ) 35 ) ) ( min ( * ( / ( + ( + v0 v1 ) 63 ) 32 ) 4 ) ( + ( * v2 4 ) 35 ) ) ),1,64
30,( == ( - ( min ( * ( - v0 v1 ) 16 ) 72 ) 72 ) 1 ),0,45
31,( == ( min ( - ( max ( min ( + v0 v1 ) 2000 ) 1 ) ( max ( min v1 1999 ) 0 ) ) ( + v2 124 ) ) ( min ( - ( max ( min ( + v0 v1 ) 2000 ) 1 ) ( max ( min v1 1999 ) 0 ) ) ( + v2 124 ) ) ),1,128
32,( == ( min ( + ( min ( * v0 32 ) 56 ) v1 ) ( + ( max ( min v2 990 ) -9 ) 310 ) ) ( min ( + ( min ( * v0 32 ) 56 ) v1 ) ( + ( max ( min v2 990 ) -9 ) 310 ) ) ),1,68
33,( == ( min ( max ( min ( / ( + ( + v0 v1 ) 129 ) 2 ) 999 ) 0 ) ( + v2 15 ) ) ( min ( max ( min ( / ( + ( + v0 v1 ) 129 ) 2 ) 999 ) 0 ) ( + v2 15 ) ) ),1,94
34,( == ( min ( + ( * v0 60 ) ( * ( + ( * v1 4 ) v2 ) 32 ) ) ( + ( * v3 8 ) 140 ) ) ( min ( + ( * v0 60 ) ( * ( + ( * v1 4 ) v2 ) 32 ) ) ( + ( * v3 8 ) 140 ) ) ),1,77
35,( == ( min ( - ( - ( max ( min ( / ( + ( + v0 v1 ) 7 ) 8 ) 249 ) 0 ) ( * v2 17 ) ) ( max ( min ( / v1 8 ) 249 ) 0 ) ) ( + ( min v3 6 ) 7 ) ) ( min ( - ( - ( max ( min ( / ( + ( + v0 v1 ) 7 ) 8 ) 249 ) 0 ) ( * v2 17 ) ) ( max ( min ( / v1 8 ) 249 ) 0 ) ) ( + ( min v3 6 ) 7 ) ) ),1,108
36,( == ( / ( + ( - ( max ( min ( / ( + ( + v0 v1 ) 7 ) 8 ) 249 ) 0 ) ( max ( min ( / v1 8 ) 249 ) 0 ) ) 85 ) 84 ) ( / ( + ( - ( max ( min ( / ( + ( + v0 v1 ) 7 ) 8 ) 249 ) 0 ) ( max ( min ( / v1 8 ) 249 ) 0 ) ) 85 ) 84 ) ),1,265
37,( == ( + ( min ( * ( / v0 16 ) 8 ) 4 ) ( * v1 340 ) ) ( + ( min ( * ( / v0 16 ) 8 ) 4 ) ( * v1 340 ) ) ),1,79
38,( == ( min ( * ( / v0 63 ) 8 ) ( + ( * ( / ( + ( + v1 v0 ) 314 ) 63 ) 8 ) 29 ) ) ( min ( * ( / v0 63 ) 8 ) ( + ( * ( / ( + ( + v1 v0 ) 314 ) 63 ) 8 ) 29 ) ) ),1,72
39,( == ( + ( * ( + ( min ( - ( / ( + ( + v0 v1 ) 64 ) 65 ) ( * v2 4 ) ) ( + ( + ( / v1 65 ) ( * v3 8 ) ) 3 ) ) ( * v3 -8 ) ) -2 ) ( + ( * ( / v1 65 ) 2 ) v4 ) ) ( + ( * ( + ( min ( - ( / ( + ( + v0 v1 ) 64 ) 65 ) ( * v2 4 ) ) ( + ( + ( / v1 65 ) ( * v3 8 ) ) 3 ) ) ( * v3 -8 ) ) -2 ) ( + ( * ( / v1 65 ) 2 ) v4 ) ) ),1,127
40,( == ( / ( + ( - ( max ( + v0 v1 ) 2000 ) ( min v1 0 ) ) 63 ) 64 ) ( / ( + ( - ( max ( + v0 v1 ) 2000 ) ( min v1 0 ) ) 63 ) 64 ) ),1,79
41,( == ( min ( + ( * v0 4 ) v1 ) ( + v2 23 ) ) ( min ( + ( * v0 4 ) v1 ) ( + v2 23 ) ) ),1,55
42,( == ( min ( * ( - ( / ( + ( + v0 v1 ) 1999 ) 2000 ) ( / v1 2000 ) ) 256 ) ( + ( * v2 256 ) 399 ) ) ( min ( * ( - ( / ( + ( + v0 v1 ) 1999 ) 2000 ) ( / v1 2000 ) ) 256 ) ( + ( * v2 256 ) 399 ) ) ),1,82
43,( == ( - ( * ( / ( + ( + v0 v1 ) 93 ) 2 ) 2 ) 19 ) ( - ( + ( - ( * ( / ( + ( + v0 v1 ) 93 ) 2 ) 2 ) 19 ) ( + ( * ( % ( + ( + v0 v1 ) 1 ) 2 ) 2 ) 70 ) ) 1 ) ),0,185
44,( == ( * ( / ( * v0 -12 ) 4 ) 4 ) ( * v0 -12 ) ),1,121
45,( == ( max ( min ( / ( + v0 1009 ) 1004 ) v1 ) ( / ( + v0 6 ) 1004 ) ) ( max ( min ( / ( + v0 1009 ) 1004 ) v1 ) ( / ( + v0 6 ) 1004 ) ) ),1,50
46,( == ( - ( - ( / ( + ( + v0 v1 ) 351 ) 32 ) ( * v2 37 ) ) ( + ( / v1 32 ) v3 ) ) ( - ( - ( / ( + ( + v0 v1 ) 351 ) 32 ) ( * v2 37 ) ) ( + ( / v1 32 ) v3 ) ) ),1,39
47,( == ( + ( * v0 44 ) ( + ( min ( * v1 128 ) 124 ) ( + v2 v3 ) ) ) ( + ( * v0 44 ) ( + ( min ( * v1 128 ) 124 ) ( + v2 v3 ) ) ) ),1,48
48,( == ( * ( / ( max ( min ( + ( * v2 -500 ) ( - v1 ( min v1 4 ) ) ) 496 ) -4 ) 4 ) 4 ) ( max ( min ( + ( * v2 -500 ) ( - v1 ( min v1 4 ) ) ) 496 ) -4 ) ),0,969
49,( == ( min ( + ( * v0 4 ) ( + ( * v1 16 ) v2 ) ) ( + v3 8 ) ) ( min ( + ( * v0 4 ) ( + ( * v1 16 ) v2 ) ) ( + v3 8 ) ) ),1,75
50,( == ( min ( * ( + v0 v1 ) 4 ) ( + ( * ( + ( * v2 125 ) v1 ) 4 ) 503 ) ) ( min ( * ( + v0 v1 ) 4 ) ( + ( * ( + ( * v2 125 ) v1 ) 4 ) 503 ) ) ),1,62
51,( == ( min ( + ( + ( * v0 256 ) v1 ) 245 ) v2 ) ( min ( + ( + ( * v0 256 ) v1 ) 245 ) v2 ) ),1,43
52,( >= ( - ( * v0 16 ) 558 ) ( - ( + ( - ( * v0 16 ) 558 ) 438 ) 1 ) ),0,40
53,( == ( / ( + ( - ( max ( min ( * ( / ( + ( + v0 v1 ) 127 ) 32 ) 4 ) 246 ) -3 ) ( max ( min ( * ( / v1 32 ) 4 ) 281 ) 32 ) ) 67 ) 32 ) ( / ( + ( - ( max ( min ( * ( / ( + ( + v0 v1 ) 127 ) 32 ) 4 ) 246 ) -3 ) ( max ( min ( * ( / v1 32 ) 4 ) 281 ) 32 ) ) 67 ) 32 ) ),1,248
54,( == ( - ( / ( min ( * ( max ( min ( / ( + ( + v0 v1 ) 1 ) 2 ) 999 ) 0 ) 8 ) 7914 ) 4 ) ( + ( * v2 4 ) v3 ) ) ( - ( / ( min ( * ( max ( min ( / ( + ( + v0 v1 ) 1 ) 2 ) 999 ) 0 ) 8 ) 7914 ) 4 ) ( + ( * v2 4 ) v3 ) ) ),1,102
55,( == ( min ( + ( * v0 8 ) v1 ) ( + ( * ( / ( + ( + v2 v3 ) 249 ) 250 ) 32 ) 46 ) ) ( min ( + ( * v0 8 ) v1 ) ( + ( * ( / ( + ( + v2 v3 ) 249 ) 250 ) 32 ) 46 ) ) ),1,82
56,( == ( + ( * v0 2 ) ( + ( * v1 87 ) v2 ) ) ( + ( * v0 2 ) ( + ( * v1 87 ) v2 ) ) ),1,49
57,( >= 0 ( - ( + 0 ( / ( + ( % ( + v0 v1 ) 8 ) 220 ) 32 ) ) 1 ) ),0,40
58,( == 0 ( - ( + 0 ( - 18 ( max ( * v0 4 ) 14 ) ) ) 1 ) ),0,49
59,( == ( min ( min ( - 10 ( * ( max ( + ( / v0 63 ) ( - ( * v1 2 ) ( / ( - ( + v2 v0 ) 1 ) 63 ) ) ) -1 ) 8 ) ) ( - 252 ( * v3 8 ) ) ) ( + ( * ( min ( - ( - ( / ( - ( + v2 v0 ) 1 ) 63 ) ( * v1 2 ) ) ( / v0 63 ) ) 1 ) 8 ) 12 ) ) ( min ( min ( - 10 ( * ( max ( + ( / v0 63 ) ( - ( * v1 2 ) ( / ( - ( + v2 v0 ) 1 ) 63 ) ) ) -1 ) 8 ) ) ( - 252 ( * v3 8 ) ) ) ( + ( * ( min ( - ( - ( / ( - ( + v2 v0 ) 1 ) 63 ) ( * v1 2 ) ) ( / v0 63 ) ) 1 ) 8 ) 12 ) ) ),1,170
60,( == ( min ( - 1939 ( + ( * v0 126 ) v1 ) ) ( + ( min v2 115 ) 10 ) ) ( min ( - 1939 ( + ( * v0 126 ) v1 ) ) ( + ( min v2 115 ) 10 ) ) ),1,559
61,( == ( + ( max ( min ( + ( min ( * v0 63 ) 62 ) ( + v1 v2 ) ) 1999 ) 0 ) ( * v3 4 ) ) ( + ( max ( min ( + ( min ( * v0 63 ) 62 ) ( + v1 v2 ) ) 1999 ) 0 ) ( * v3 4 ) ) ),1,99
62,( >= ( max ( / ( + ( - ( max v0 0 ) v1 ) 1 ) 32 ) 0 ) ( - ( + ( max ( / ( + ( - ( max v0 0 ) v1 ) 1 ) 32 ) 0 ) ( + ( - ( max ( / ( - ( max v0 0 ) v1 ) 32 ) -1 ) ( max ( / ( + ( - ( max v0 0 ) v1 ) 1 ) 32 ) 0 ) ) 1 ) ) 1 ) ),0,2828
63,( == ( - ( * ( min ( * ( / ( + ( + v0 v1 ) 447 ) 32 ) 4 ) ( + ( * ( + ( / v1 32 ) ( * v2 48 ) ) 4 ) 115 ) ) 2 ) ( / ( min ( * ( + ( / v1 32 ) ( * v2 48 ) ) 32 ) ( + ( * ( min ( * ( / ( + ( + v0 v1 ) 447 ) 32 ) 4 ) ( - ( * ( + ( / v1 32 ) ( * v2 48 ) ) 4 ) 77 ) ) 8 ) 609 ) ) 4 ) ) ( - ( * ( min ( * ( / ( + ( + v0 v1 ) 447 ) 32 ) 4 ) ( + ( * ( + ( / v1 32 ) ( * v2 48 ) ) 4 ) 115 ) ) 2 ) ( / ( min ( * ( + ( / v1 32 ) ( * v2 48 ) ) 32 ) ( + ( * ( min ( * ( / ( + ( + v0 v1 ) 447 ) 32 ) 4 ) ( - ( * ( + ( / v1 32 ) ( * v2 48 ) ) 4 ) 77 ) ) 8 ) 609 ) ) 4 ) ) ),1,168
64,( == ( - ( min ( + ( min ( + ( * v0 4 ) v1 ) ( + ( min v1 v2 ) 8 ) ) 4 ) ( + ( * ( / ( + ( min ( * v0 4 ) ( + ( - ( + ( * v3 -12 ) v4 ) v1 ) 8 ) ) 7 ) 4 ) 4 ) v1 ) ) ( * v0 4 ) ) ( - ( min ( + ( min ( + ( * v0 4 ) v1 ) ( + ( min v1 v2 ) 8 ) ) 4 ) ( + ( * ( / ( + ( min ( * v0 4 ) ( + ( - ( + ( * v3 -12 ) v4 ) v1 ) 8 ) ) 7 ) 4 ) 4 ) v1 ) ) ( * v0 4 ) ) ),1,118
65,( >= ( - v0 5 ) ( - ( + ( - v0 5 ) 15 ) 1 ) ),0,33
66,( == ( + ( * ( / ( + ( min ( + ( * v0 -1011 ) ( - v1 v2 ) ) 1000 ) 16 ) 64 ) 64 ) ( * v0 1011 ) ) ( + ( * ( / ( + ( min ( + ( * v0 -1011 ) ( - v1 v2 ) ) 1000 ) 16 ) 64 ) 64 ) ( * v0 1011 ) ) ),1,72
67,( == ( + ( * v0 16 ) ( + ( * ( / ( + v1 v2 ) 8 ) 2 ) ( + ( * v3 8 ) v4 ) ) ) ( + ( * v0 16 ) ( + ( * ( / ( + v1 v2 ) 8 ) 2 ) ( + ( * v3 8 ) v4 ) ) ) ),1,65
68,( >= ( max ( - -1012 ( * v0 8 ) ) ( + ( * v0 8 ) 7 ) ) 0 ),0,315
69,( == ( min ( + ( max ( min ( + v0 v1 ) 2002 ) 3 ) ( * v2 4 ) ) ( + ( max ( min ( + v0 v1 ) 1745 ) -254 ) 254 ) ) ( min ( + ( max ( min ( + v0 v1 ) 2002 ) 3 ) ( * v2 4 ) ) ( + ( max ( min ( + v0 v1 ) 1745 ) -254 ) 254 ) ) ),1,87
70,( == ( + ( min ( - ( - ( * v0 8 ) ( * v1 1236 ) ) ( * v2 8 ) ) 1224 ) ( * v3 -8 ) ) ( + ( min ( - ( - ( * v0 8 ) ( * v1 1236 ) ) ( * v2 8 ) ) 1224 ) ( * v3 -8 ) ) ),1,71
71,( == ( / ( + ( - ( / ( + v0 2 ) 8 ) ( * ( / ( - ( max ( min v1 2002 ) 3 ) 3 ) 16 ) 2 ) ) 66 ) 64 ) ( / ( + ( - ( / ( + v0 2 ) 8 ) ( * ( / ( - ( max ( min v1 2002 ) 3 ) 3 ) 16 ) 2 ) ) 66 ) 64 ) ),1,97
72,( == ( + ( max ( min ( / v0 8 ) 256 ) 7 ) ( * v1 128 ) ) ( + ( max ( min ( / v0 8 ) 256 ) 7 ) ( * v1 128 ) ) ),1,20
73,( == ( + ( * v0 -64 ) ( - ( / ( + ( + v1 v2 ) 7 ) 8 ) v3 ) ) ( + ( * v0 -64 ) ( - ( / ( + ( + v1 v2 ) 7 ) 8 ) v3 ) ) ),1,559
74,( == ( - ( + ( min ( - ( max ( min v0 999 ) 0 ) ( * v1 32 ) ) ( + ( + ( max ( min ( / v2 2 ) 999 ) 0 ) ( * v3 16 ) ) 15 ) ) ( * v3 -16 ) ) ( + ( max ( min ( / v2 2 ) 999 ) 0 ) ( * v4 2 ) ) ) ( - ( + ( min ( - ( max ( min v0 999 ) 0 ) ( * v1 32 ) ) ( + ( + ( max ( min ( / v2 2 ) 999 ) 0 ) ( * v3 16 ) ) 15 ) ) ( * v3 -16 ) ) ( + ( max ( min ( / v2 2 ) 999 ) 0 ) ( * v4 2 ) ) ) ),1,130
75,( == ( / ( + ( - ( max ( min ( / ( + ( + v0 v1 ) 31 ) 8 ) 249 ) 0 ) ( max ( min ( / v1 8 ) 250 ) 1 ) ) 126 ) 125 ) ( / ( + ( - ( max ( min ( / ( + ( + v0 v1 ) 31 ) 8 ) 249 ) 0 ) ( max ( min ( / v1 8 ) 250 ) 1 ) ) 126 ) 125 ) ),1,320
76,( == ( / ( + ( * ( - ( / ( - ( + v0 v1 ) 1 ) 63 ) ( / v1 63 ) ) 8 ) 93 ) 86 ) ( / ( + ( * ( - ( / ( - ( + v0 v1 ) 1 ) 63 ) ( / v1 63 ) ) 8 ) 93 ) 86 ) ),1,93
77,( == ( max ( min ( max ( / ( + ( - v0 ( * v1 8 ) ) 31 ) 32 ) 0 ) ( + ( / ( - ( max v2 0 ) v1 ) 4 ) 1 ) ) ( + ( min ( min ( / ( - ( - ( + v3 v0 ) ( * v1 8 ) ) 1 ) 32 ) ( / ( - ( - ( max v2 0 ) v1 ) 3 ) 4 ) ) ( / ( - ( max v2 0 ) v1 ) 4 ) ) 1 ) ) ( max ( min ( max ( / ( + ( - v0 ( * v1 8 ) ) 31 ) 32 ) 0 ) ( + ( / ( - ( max v2 0 ) v1 ) 4 ) 1 ) ) ( + ( min ( min ( / ( - ( - ( + v3 v0 ) ( * v1 8 ) ) 1 ) 32 ) ( / ( - ( - ( max v2 0 ) v1 ) 3 ) 4 ) ) ( / ( - ( max v2 0 ) v1 ) 4 ) ) 1 ) ) ),1,178
78,( == ( - v0 ( + ( * v1 4 ) ( + ( * v2 60 ) v3 ) ) ) ( - v0 ( + ( * v1 4 ) ( + ( * v2 60 ) v3 ) ) ) ),1,40
79,( == ( / ( + ( - ( max ( min ( * ( / ( - ( + v0 v1 ) 1 ) 63 ) 8 ) 244 ) -5 ) ( max ( min ( * ( / v1 63 ) 8 ) 285 ) 36 ) ) 105 ) 63 ) ( / ( + ( - ( max ( min ( * ( / ( - ( + v0 v1 ) 1 ) 63 ) 8 ) 244 ) -5 ) ( max ( min ( * ( / v1 63 ) 8 ) 285 ) 36 ) ) 105 ) 63 ) ),1,220
80,( == ( - ( - ( / ( - ( + v0 v1 ) 1 ) 8 ) ( * v2 125 ) ) ( / v1 8 ) ) ( - ( - ( / ( - ( + v0 v1 ) 1 ) 8 ) ( * v2 125 ) ) ( / v1 8 ) ) ),1,137
81,( == ( min ( * ( + ( * ( max ( min ( / v0 63 ) 31 ) 0 ) 16 ) v1 ) 4 ) ( + ( * ( max ( min ( / ( - ( + v2 v0 ) 1 ) 63 ) 31 ) 0 ) 64 ) 158 ) ) ( min ( * ( + ( * ( max ( min ( / v0 63 ) 31 ) 0 ) 16 ) v1 ) 4 ) ( + ( * ( max ( min ( / ( - ( + v2 v0 ) 1 ) 63 ) 31 ) 0 ) 64 ) 158 ) ) ),1,117
82,( == ( / ( + ( * ( - ( max ( min ( * ( / ( + ( + v0 v1 ) 124 ) 125 ) 16 ) 204 ) -45 ) ( max ( min ( * ( / v1 125 ) 16 ) 286 ) 37 ) ) 4 ) 579 ) 250 ) ( / ( + ( * ( - ( max ( min ( * ( / ( + ( + v0 v1 ) 124 ) 125 ) 16 ) 204 ) -45 ) ( max ( min ( * ( / v1 125 ) 16 ) 286 ) 37 ) ) 4 ) 579 ) 250 ) ),1,228
83,( == ( + ( * v0 17 ) ( * ( / v1 63 ) 8 ) ) ( + ( * v0 17 ) ( * ( / v1 63 ) 8 ) ) ),1,76
84,( && ( && ( && ( && ( && ( && 1 ( <= ( + ( + ( * v0 8 ) v1 ) 0 ) ( + ( + ( * v0 8 ) v1 ) 0 ) ) ) ( >= ( + ( + ( * v0 8 ) v1 ) 7 ) ( + ( + ( * v0 8 ) v1 ) ( - ( + 8 0 ) 1 ) ) ) ) ( <= 0 0 ) ) ( >= 0 0 ) ) ( <= 0 0 ) ) ( >= ( - ( + 7 0 ) 1 ) ( - ( + 7 0 ) 1 ) ) ),1,141
85,( == 0 ( - ( + 0 ( - 34 ( max ( * v0 4 ) 30 ) ) ) 1 ) ),0,51
86,( >= ( + ( - ( max ( + v0 v1 ) 1995 ) ( min v1 3 ) ) 509 ) 0 ),1,40
87,( == ( + ( / ( + v0 v1 ) 2 ) ( * v2 24 ) ) ( + ( / ( + v0 v1 ) 2 ) ( * v2 24 ) ) ),1,61
88,( == ( - ( / ( - ( min ( * ( / v0 65 ) 64 ) 4 ) 6 ) 32 ) ( min ( / ( + ( min ( * ( / v0 65 ) 64 ) 4 ) 346 ) 32 ) ( - ( / ( + ( max ( + ( min ( * ( / v0 65 ) 64 ) 4 ) v1 ) 1975 ) 40 ) 32 ) ( * v2 12 ) ) ) ) ( - ( / ( - ( min ( * ( / v0 65 ) 64 ) 4 ) 6 ) 32 ) ( min ( / ( + ( min ( * ( / v0 65 ) 64 ) 4 ) 346 ) 32 ) ( - ( / ( + ( max ( + ( min ( * ( / v0 65 ) 64 ) 4 ) v1 ) 1975 ) 40 ) 32 ) ( * v2 12 ) ) ) ) ),1,124
89,( == ( / ( + ( - ( / ( + ( + v0 v1 ) 87 ) 8 ) ( / v1 8 ) ) 44 ) 34 ) ( / ( + ( - ( / ( + ( + v0 v1 ) 87 ) 8 ) ( / v1 8 ) ) 44 ) 34 ) ),1,69
90,( == ( + ( max ( min ( / v0 8 ) 249 ) 0 ) ( * v1 12 ) ) ( + ( max ( min ( / v0 8 ) 249 ) 0 ) ( * v1 12 ) ) ),1,42
91,( == ( min ( + ( + ( * v0 -32 ) v1 ) 18 ) v2 ) ( min ( + ( + ( * v0 -32 ) v1 ) 18 ) v2 ) ),1,31
92,( == ( + ( * ( max ( min ( * ( / v0 63 ) 8 ) 285 ) 36 ) 8 ) ( * v1 42 ) ) ( + ( * ( max ( min ( * ( / v0 63 ) 8 ) 285 ) 36 ) 8 ) ( * v1 42 ) ) ),1,62
93,( == ( + ( * v0 1004 ) ( * ( max ( min ( * ( / v1 63 ) 8 ) 285 ) 36 ) 8 ) ) ( + ( * v0 1004 ) ( * ( max ( min ( * ( / v1 63 ) 8 ) 285 ) 36 ) 8 ) ) ),1,108
94,( == ( max ( - 2100 ( max ( * ( + ( * v0 2 ) v1 ) 4 ) 2097 ) ) ( - 97 ( max ( min ( * ( + ( * v0 2 ) v1 ) 4 ) 98 ) 94 ) ) ) ( max ( - 2100 ( max ( * ( + ( * v0 2 ) v1 ) 4 ) 2097 ) ) ( - 97 ( max ( min ( * ( + ( * v0 2 ) v1 ) 4 ) 98 ) 94 ) ) ) ),1,114
95,( == ( * ( / ( min ( + ( * ( min ( + ( * v3 504 ) ( + ( + ( / v2 2 ) ( * ( max ( / v4 504 ) -1 ) 504 ) ) 754 ) ) ( / ( + ( + v1 v2 ) 501 ) 2 ) ) -1 ) ( / ( + ( + v1 v2 ) 485 ) 2 ) ) 496 ) 8 ) 8 ) ( min ( + ( * ( min ( + ( * v3 504 ) ( + ( + ( / v2 2 ) ( * ( max ( / v4 504 ) -1 ) 504 ) ) 754 ) ) ( / ( + ( + v1 v2 ) 501 ) 2 ) ) -1 ) ( / ( + ( + v1 v2 ) 485 ) 2 ) ) 496 ) ),0,1938
96,( == ( min ( + ( max ( min ( + v0 v1 ) 1872 ) -127 ) 127 ) v2 ) ( min ( + ( max ( min ( + v0 v1 ) 1872 ) -127 ) 127 ) v2 ) ),1,60
97,( == ( min ( * ( - ( / ( + ( + v0 v1 ) 314 ) 63 ) ( / v1 63 ) ) 2 ) ( + ( * v2 2 ) 1 ) ) ( min ( * ( - ( / ( + ( + v0 v1 ) 314 ) 63 ) ( / v1 63 ) ) 2 ) ( + ( * v2 2 ) 1 ) ) ),1,100
98,( == ( + ( - v0 ( / ( + ( + v1 v2 ) 15 ) 4 ) ) v3 ) ( + ( - v0 ( / ( + ( + v1 v2 ) 15 ) 4 ) ) v3 ) ),1,58
99,( == ( min ( / ( + ( + v0 v1 ) 15 ) 8 ) ( + v2 11 ) ) ( min ( / ( + ( + v0 v1 ) 15 ) 8 ) ( + v2 11 ) ) ),1,51
100,( == ( min ( * v0 125 ) ( - v1 125 ) ) ( min ( * v0 125 ) ( - v1 125 ) ) ),1,2031
101,( == ( - ( * ( max v0 249 ) 8 ) ( + ( * v1 267 ) v2 ) ) ( - ( * ( max v0 249 ) 8 ) ( + ( * v1 267 ) v2 ) ) ),1,41
102,( == ( - ( * ( / ( min ( / v0 8 ) 0 ) 16 ) 16 ) 10 ) ( - ( + ( - ( * ( / ( min ( / v0 8 ) 0 ) 16 ) 16 ) 10 ) ( + ( * v1 16 ) 39 ) ) 1 ) ),0,142
103,( >= ( max ( / ( + v0 5 ) 253 ) 0 ) ( - ( + ( max ( / ( + v0 5 ) 253 ) 0 ) ( max ( - ( / ( + v0 257 ) 253 ) ( max ( / ( + v0 5 ) 253 ) 0 ) ) 0 ) ) 1 ) ),0,683
104,( == ( - ( min ( * ( + ( * ( / v0 63 ) 2 ) v1 ) 4 ) ( + ( * ( / ( + ( + v2 v0 ) 62 ) 63 ) 8 ) 4 ) ) ( * ( + ( + ( * ( / v0 63 ) 2 ) v3 ) v1 ) 4 ) ) ( - ( min ( * ( + ( * ( / v0 63 ) 2 ) v1 ) 4 ) ( + ( * ( / ( + ( + v2 v0 ) 62 ) 63 ) 8 ) 4 ) ) ( * ( + ( + ( * ( / v0 63 ) 2 ) v3 ) v1 ) 4 ) ) ),1,109
105,( == ( min ( + ( * v0 8 ) 12 ) v1 ) ( min ( + ( * v0 8 ) 12 ) v1 ) ),1,55
106,( == 0 ( - ( + 0 ( / ( + ( % ( + v0 v1 ) 2 ) 251 ) 4 ) ) 1 ) ),0,61
107,( == ( min ( + ( * v0 128 ) ( + ( / v1 2 ) ( * ( / ( + ( min ( - ( - ( / ( + ( + v2 v1 ) 5 ) 2 ) ( * v0 128 ) ) ( / v1 2 ) ) ( + ( * v3 504 ) 119 ) ) 95 ) 72 ) 72 ) ) ) ( + v4 24 ) ) ( min ( + ( * v0 128 ) ( + ( / v1 2 ) ( * ( / ( + ( min ( - ( - ( / ( + ( + v2 v1 ) 5 ) 2 ) ( * v0 128 ) ) ( / v1 2 ) ) ( + ( * v3 504 ) 119 ) ) 95 ) 72 ) 72 ) ) ) ( + v4 24 ) ) ),1,165
108,( == ( - ( / ( + ( + v0 v1 ) 3 ) 4 ) ( + ( * v2 63 ) v3 ) ) ( - ( / ( + ( + v0 v1 ) 3 ) 4 ) ( + ( * v2 63 ) v3 ) ) ),1,44
109,( == ( min ( max ( min v0 1999 ) 0 ) ( + ( max ( min v0 1984 ) -15 ) 15 ) ) ( min ( max ( min v0 1999 ) 0 ) ( + ( max ( min v0 1984 ) -15 ) 15 ) ) ),1,85
110,( == ( * ( / ( min ( - ( max ( min ( + ( * v3 64 ) ( + ( / v2 8 ) 63 ) ) ( min ( / ( + ( + v1 v2 ) 7 ) 8 ) 249 ) ) 0 ) ( max ( min ( + ( * v3 64 ) ( / v2 8 ) ) 249 ) 0 ) ) 30 ) 3 ) 3 ) ( min ( - ( max ( min ( + ( * v3 64 ) ( + ( / v2 8 ) 63 ) ) ( min ( / ( + ( + v1 v2 ) 7 ) 8 ) 249 ) ) 0 ) ( max ( min ( + ( * v3 64 ) ( / v2 8 ) ) 249 ) 0 ) ) 30 ) ),0,2321
111,( == ( / ( + ( - ( / ( + ( + v0 v1 ) 5 ) 2 ) ( / v1 2 ) ) 65 ) 63 ) ( / ( + ( - ( / ( + ( + v0 v1 ) 5 ) 2 ) ( / v1 2 ) ) 65 ) 63 ) ),1,85
112,( == ( + ( max ( min ( * ( / v0 500 ) 8 ) 36 ) 5 ) ( * ( / v1 5 ) 11 ) ) ( + ( max ( min ( * ( / v0 500 ) 8 ) 36 ) 5 ) ( * ( / v1 5 ) 11 ) ) ),1,93
113,( == ( / ( + v0 6 ) 252 ) ( - ( + ( / ( + v0 6 ) 252 ) ( / ( + ( % ( + v0 6 ) 252 ) 255 ) 252 ) ) 1 ) ),0,779
114,( == ( + ( * v0 132 ) ( * ( / v1 63 ) 8 ) ) ( + ( * v0 132 ) ( * ( / v1 63 ) 8 ) ) ),1,28
115,( != ( + ( / ( - v0 v1 ) 4 ) 10 ) 0 ),0,391
116,( == ( min ( + ( + ( * v0 116 ) v1 ) 104 ) v2 ) ( min ( + ( + ( * v0 116 ) v1 ) 104 ) v2 ) ),1,46
117,( == ( + ( * v0 8 ) ( + ( * ( + ( min ( / ( - ( + v1 v2 ) 1 ) 65 ) ( + ( min ( + ( * v3 2 ) ( + ( / v2 65 ) ( * v0 4 ) ) ) ( + ( + ( / v2 65 ) ( * ( min ( / ( min ( + ( * v0 4 ) 3 ) v4 ) 4 ) v0 ) 4 ) ) 2 ) ) 1 ) ) ( * v3 -2 ) ) -2 ) ( + ( * ( / v2 65 ) 2 ) v5 ) ) ) ( + ( * v0 8 ) ( + ( * ( + ( min ( / ( - ( + v1 v2 ) 1 ) 65 ) ( + ( min ( + ( * v3 2 ) ( + ( / v2 65 ) ( * v0 4 ) ) ) ( + ( + ( / v2 65 ) ( * ( min ( / ( min ( + ( * v0 4 ) 3 ) v4 ) 4 ) v0 ) 4 ) ) 2 ) ) 1 ) ) ( * v3 -2 ) ) -2 ) ( + ( * ( / v2 65 ) 2 ) v5 ) ) ) ),1,157
118,( == ( - ( max ( min ( / ( - ( + v0 v1 ) 1 ) 8 ) ( + ( + ( / v1 8 ) ( * v2 4 ) ) 3 ) ) 0 ) ( min ( + ( / v1 8 ) ( * v2 4 ) ) 249 ) ) ( - ( max ( min ( / ( - ( + v0 v1 ) 1 ) 8 ) ( + ( + ( / v1 8 ) ( * v2 4 ) ) 3 ) ) 0 ) ( min ( + ( / v1 8 ) ( * v2 4 ) ) 249 ) ) ),1,88
119,( == ( min ( + ( + ( * v0 -32 ) v1 ) 18 ) v2 ) ( min ( + ( + ( * v0 -32 ) v1 ) 18 ) v2 ) ),1,46
120,( == ( max ( min ( / ( + v0 69 ) 64 ) v1 ) ( / ( + v0 1 ) 64 ) ) ( max ( min ( / ( + v0 69 ) 64 ) v1 ) ( / ( + v0 1 ) 64 ) ) ),1,51
121,( == ( * ( / ( * ( min ( + ( * v2 1088 ) ( * ( min v1 0 ) 8 ) ) ( + ( * ( min ( + ( * v2 136 ) ( min v1 0 ) ) ( + v3 12 ) ) 8 ) 4 ) ) -1 ) 4 ) 4 ) ( * ( min ( + ( * v2 1088 ) ( * ( min v1 0 ) 8 ) ) ( + ( * ( min ( + ( * v2 136 ) ( min v1 0 ) ) ( + v3 12 ) ) 8 ) 4 ) ) -1 ) ),0,1736
122,( >= ( - ( * ( + ( * v0 4 ) v1 ) 2 ) 2 ) ( - ( + ( - ( * ( + ( * v0 4 ) v1 ) 2 ) 2 ) 2 ) 1 ) ),0,71
123,( == ( - ( * ( max v0 233 ) 2 ) 705 ) ( - ( + ( - ( * ( max v0 233 ) 2 ) 705 ) ( - 708 ( * ( max v0 233 ) 2 ) ) ) 1 ) ),0,106
124,( != ( / ( + v0 11 ) 3 ) 0 ),0,378
125,( == ( min ( + ( * v0 8 ) 441 ) v1 ) ( min ( + ( * v0 8 ) 441 ) v1 ) ),1,41
126,( != ( / ( + ( * ( - v0 v1 ) 4 ) 762 ) 707 ) 0 ),0,551
127,( == ( min ( + ( * v0 668 ) v1 ) ( - ( min ( + v2 v1 ) 2668 ) 668 ) ) ( min ( + ( * v0 668 ) v1 ) ( - ( min ( + v2 v1 ) 2668 ) 668 ) ) ),1,43
128,( == ( + ( / v0 2 ) ( * ( / ( - ( min ( + ( * v1 128 ) 127 ) v2 ) 2 ) 4 ) 4 ) ) ( + ( / v0 2 ) ( * ( / ( - ( min ( + ( * v1 128 ) 127 ) v2 ) 2 ) 4 ) 4 ) ) ),1,88
129,( == ( min ( - 500 ( * ( + ( * v0 16 ) v1 ) 4 ) ) ( - v2 ( * ( + ( * v3 125 ) ( + ( * v0 16 ) v1 ) ) 4 ) ) ) ( min ( - 500 ( * ( + ( * v0 16 ) v1 ) 4 ) ) ( - v2 ( * ( + ( * v3 125 ) ( + ( * v0 16 ) v1 ) ) 4 ) ) ) ),1,93
130,( == ( / ( + ( * ( - ( / ( + ( + v0 v1 ) 15 ) 16 ) ( / ( - v1 2 ) 16 ) ) 2 ) 69 ) 65 ) ( / ( + ( * ( - ( / ( + ( + v0 v1 ) 15 ) 16 ) ( / ( - v1 2 ) 16 ) ) 2 ) 69 ) 65 ) ),1,68
131,( == ( min ( + ( * v0 156 ) ( + ( min ( * v1 8 ) 148 ) ( * ( / v2 250 ) 32 ) ) ) ( + ( * ( / ( + ( + v3 v2 ) 249 ) 250 ) 32 ) 46 ) ) ( min ( + ( * v0 156 ) ( + ( min ( * v1 8 ) 148 ) ( * ( / v2 250 ) 32 ) ) ) ( + ( * ( / ( + ( + v3 v2 ) 249 ) 250 ) 32 ) 46 ) ) ),1,93
132,( == ( min ( + ( max ( + v0 v1 ) -8 ) 17 ) v2 ) ( min ( + ( max ( + v0 v1 ) -8 ) 17 ) v2 ) ),1,77
133,( == ( / ( + v0 253 ) 251 ) ( / ( + v0 253 ) 251 ) ),1,43
134,( == ( + ( / ( - ( / ( + ( max ( min ( + v0 v1 ) 1996 ) -3 ) 11 ) 4 ) ( / ( - ( max ( min v1 2000 ) 1 ) 5 ) 4 ) ) 63 ) 1 ) ( + ( / ( - ( / ( + ( max ( min ( + v0 v1 ) 1996 ) -3 ) 11 ) 4 ) ( / ( - ( max ( min v1 2000 ) 1 ) 5 ) 4 ) ) 63 ) 1 ) ),1,142
135,( == ( + ( / ( - v0 102 ) 4 ) ( * v1 4 ) ) ( + ( / ( - v0 102 ) 4 ) ( * v1 4 ) ) ),1,65
136,( == ( min ( / ( - ( + v0 v1 ) 1021 ) 2 ) ( - v2 7 ) ) ( min ( / ( - ( + v0 v1 ) 1021 ) 2 ) ( - v2 7 ) ) ),1,37
137,( == ( min ( / ( + ( + v0 v1 ) 127 ) 32 ) ( + ( + ( / v1 32 ) ( * v2 16 ) ) 8 ) ) ( min ( / ( + ( + v0 v1 ) 127 ) 32 ) ( + ( + ( / v1 32 ) ( * v2 16 ) ) 8 ) ) ),1,55
138,( != ( + ( - ( max v0 0 ) v1 ) 7 ) 0 ),0,421
139,( == ( min ( max ( / ( + ( - v0 v1 ) 33 ) 2 ) 0 ) ( + ( / ( min ( - ( - ( * ( / ( + ( + v2 v3 ) 43 ) 4 ) 4 ) ( * v4 130 ) ) ( * ( / v3 4 ) 4 ) ) 94 ) 2 ) 18 ) ) ( min ( max ( / ( + ( - v0 v1 ) 33 ) 2 ) 0 ) ( + ( / ( min ( - ( - ( * ( / ( + ( + v2 v3 ) 43 ) 4 ) 4 ) ( * v4 130 ) ) ( * ( / v3 4 ) 4 ) ) 94 ) 2 ) 18 ) ) ),1,110
140,( == ( + ( * v0 4 ) ( + ( / v1 32 ) ( * v2 4 ) ) ) ( + ( * v0 4 ) ( + ( / v1 32 ) ( * v2 4 ) ) ) ),1,53
141,( == ( - ( - ( - v0 ( * v1 16 ) ) ( * v2 8 ) ) ( max ( min ( / ( + v3 v4 ) 2 ) 968 ) -31 ) ) ( - ( - ( - v0 ( * v1 16 ) ) ( * v2 8 ) ) ( max ( min ( / ( + v3 v4 ) 2 ) 968 ) -31 ) ) ),1,95
142,( == ( min ( + ( * v0 2 ) v1 ) ( + v2 4 ) ) ( min ( + ( * v0 2 ) v1 ) ( + v2 4 ) ) ),1,50
143,( == ( max ( + ( * v0 8 ) v1 ) ( + ( * ( max ( min ( / v2 2 ) 1006 ) 7 ) 8 ) 5 ) ) ( max ( + ( * v0 8 ) v1 ) ( + ( * ( max ( min ( / v2 2 ) 1006 ) 7 ) 8 ) 5 ) ) ),1,60
144,( == ( + ( / ( - 110 ( min ( * ( + ( / v0 63 ) ( * v1 11 ) ) 64 ) ( + ( * ( min ( * ( + ( / v0 63 ) ( * v1 11 ) ) 8 ) ( + ( * ( / ( - ( + v2 v0 ) 1 ) 63 ) 8 ) 12 ) ) 8 ) 11 ) ) ) 4 ) ( * ( min ( * ( / ( - ( + v2 v0 ) 1 ) 63 ) 8 ) ( + ( * ( + ( / v0 63 ) ( * v1 11 ) ) 8 ) 76 ) ) 2 ) ) ( + ( / ( - 110 ( min ( * ( + ( / v0 63 ) ( * v1 11 ) ) 64 ) ( + ( * ( min ( * ( + ( / v0 63 ) ( * v1 11 ) ) 8 ) ( + ( * ( / ( - ( + v2 v0 ) 1 ) 63 ) 8 ) 12 ) ) 8 ) 11 ) ) ) 4 ) ( * ( min ( * ( / ( - ( + v2 v0 ) 1 ) 63 ) 8 ) ( + ( * ( + ( / v0 63 ) ( * v1 11 ) ) 8 ) 76 ) ) 2 ) ) ),1,165
145,( == ( * ( / ( min ( + ( * v0 32 ) ( * ( * ( + ( / v1 63 ) ( * v2 2 ) ) 2 ) 32 ) ) ( + ( * ( min ( * ( min ( / ( min ( + ( * v0 4 ) ( * ( * ( + ( / v1 63 ) ( * v2 2 ) ) 2 ) 4 ) ) ( + ( * ( min ( / ( - ( + v3 v1 ) 1 ) 63 ) ( + ( + ( / v1 63 ) ( * v2 2 ) ) 1 ) ) 8 ) 4 ) ) 4 ) ( + v0 ( * ( + ( / v1 63 ) ( * v2 2 ) ) 2 ) ) ) 4 ) ( + ( * ( min ( / ( - ( + v3 v1 ) 1 ) 63 ) ( + ( + ( / v1 63 ) ( * v2 2 ) ) 1 ) ) 8 ) 4 ) ) 8 ) 28 ) ) 4 ) 4 ) ( min ( + ( * v0 32 ) ( * ( * ( + ( / v1 63 ) ( * v2 2 ) ) 2 ) 32 ) ) ( + ( * ( min ( * ( min ( / ( min ( + ( * v0 4 ) ( * ( * ( + ( / v1 63 ) ( * v2 2 ) ) 2 ) 4 ) ) ( + ( * ( min ( / ( - ( + v3 v1 ) 1 ) 63 ) ( + ( + ( / v1 63 ) ( * v2 2 ) ) 1 ) ) 8 ) 4 ) ) 4 ) ( + v0 ( * ( + ( / v1 63 ) ( * v2 2 ) ) 2 ) ) ) 4 ) ( + ( * ( min ( / ( - ( + v3 v1 ) 1 ) 63 ) ( + ( + ( / v1 63 ) ( * v2 2 ) ) 1 ) ) 8 ) 4 ) ) 8 ) 28 ) ) ),1,206
146,( == ( min ( max v0 0 ) ( + ( * v1 4 ) 2 ) ) ( min ( max v0 0 ) ( + ( * v1 4 ) 2 ) ) ),1,44
147,( >= ( - ( + ( * v0 32 ) ( + v1 v2 ) ) 1 ) ( - ( + ( - ( + ( * v0 32 ) ( + v1 v2 ) ) 1 ) 37 ) 1 ) ),0,708
148,( == ( + ( max ( * v0 16 ) 47 ) ( * v1 4 ) ) ( + ( max ( * v0 16 ) 47 ) ( * v1 4 ) ) ),1,39
149,( == ( * ( / ( * ( / v0 ( + ( / v1 128 ) 1 ) ) 32 ) 2 ) 2 ) ( * ( / v0 ( + ( / v1 128 ) 1 ) ) 32 ) ),1,55
150,( == ( * ( / ( * ( % v0 ( / ( + v1 67 ) 64 ) ) -256 ) 16 ) 16 ) ( * ( % v0 ( / ( + v1 67 ) 64 ) ) -256 ) ),1,49
151,( == ( + ( * v0 16 ) ( + ( / ( + v1 v2 ) 4 ) ( * v3 8 ) ) ) ( + ( * v0 16 ) ( + ( / ( + v1 v2 ) 4 ) ( * v3 8 ) ) ) ),1,40
152,( == ( min ( + ( min ( * v0 56 ) 164 ) v1 ) ( + ( * v2 32 ) 60 ) ) ( min ( + ( min ( * v0 56 ) 164 ) v1 ) ( + ( * v2 32 ) 60 ) ) ),1,49
153,( <= ( max ( + ( min ( min ( min ( / ( - ( - ( + v2 v3 ) ( max ( * ( min ( / v1 4 ) 500 ) 4 ) 1 ) ) 3 ) 4 ) ( / ( + ( - ( max ( min ( * ( / ( + v1 255 ) 4 ) 4 ) 1995 ) -4 ) ( max ( * ( min ( / v1 4 ) 500 ) 4 ) 1 ) ) 2 ) 4 ) ) ( / ( - ( min ( + ( max ( min ( * ( / ( + v1 255 ) 4 ) 4 ) 1995 ) -4 ) 2 ) ( + v2 v3 ) ) ( max ( * ( min ( / v1 4 ) 500 ) 4 ) 1 ) ) 4 ) ) ( - ( + 0 ( / ( + v4 9 ) 4 ) ) 1 ) ) 1 ) ( min ( max ( + ( / ( - v3 ( max ( * ( min ( / v1 4 ) 500 ) 4 ) 1 ) ) 4 ) 1 ) 0 ) ( + ( / ( + v4 9 ) 4 ) 0 ) ) ) ( min ( max ( + ( / ( - v3 ( max ( * ( min ( / v1 4 ) 500 ) 4 ) 1 ) ) 4 ) 1 ) 0 ) ( + ( / ( + v4 9 ) 4 ) 0 ) ) ),0,3998
154,( == ( + ( * v0 508 ) ( + ( max ( min ( + v1 v2 ) 1999 ) 9 ) ( * v3 4 ) ) ) ( + ( * v0 508 ) ( + ( max ( min ( + v1 v2 ) 1999 ) 9 ) ( * v3 4 ) ) ) ),1,61
155,( == ( max ( - ( / v0 4 ) 30 ) ( + ( / ( - v0 113 ) 4 ) ( * v1 16 ) ) ) ( max ( - ( / v0 4 ) 30 ) ( + ( / ( - v0 113 ) 4 ) ( * v1 16 ) ) ) ),1,58
156,( == ( min ( - ( - ( / ( - ( + v0 v1 ) 1 ) 65 ) ( / v1 65 ) ) 15 ) v2 ) ( min ( - ( - ( / ( - ( + v0 v1 ) 1 ) 65 ) ( / v1 65 ) ) 15 ) v2 ) ),1,69
157,( == ( - ( max ( min ( / ( + ( + v0 v1 ) 7 ) 8 ) 249 ) 0 ) ( + ( * v2 16 ) v3 ) ) ( - ( max ( min ( / ( + ( + v0 v1 ) 7 ) 8 ) 249 ) 0 ) ( + ( * v2 16 ) v3 ) ) ),1,85
158,( == ( - ( min ( * ( max ( + v0 v1 ) -1 ) 4 ) -1 ) 9 ) ( - ( + ( - ( min ( * ( max ( + v0 v1 ) -1 ) 4 ) -1 ) 9 ) ( - 12 ( min ( * ( max ( + v0 v1 ) -1 ) 4 ) -1 ) ) ) 1 ) ),0,116
159,( >= ( + ( * ( - ( max ( min v0 121 ) -128 ) ( max ( min v0 249 ) 0 ) ) 8 ) 1080 ) 0 ),0,754
160,( == ( min ( max ( - ( / ( - v0 1 ) 4 ) ( min ( / v1 4 ) 0 ) ) -1 ) v2 ) ( min ( max ( - ( / ( - v0 1 ) 4 ) ( min ( / v1 4 ) 0 ) ) -1 ) v2 ) ),1,61
161,( == ( min ( max ( / ( + ( - v0 ( max ( min v1 1999 ) 0 ) ) 3 ) 4 ) 0 ) ( / ( + v2 3 ) 4 ) ) ( min ( max ( / ( + ( - v0 ( max ( min v1 1999 ) 0 ) ) 3 ) 4 ) 0 ) ( / ( + v2 3 ) 4 ) ) ),1,79
162,( >= ( - ( min ( * ( max v0 -30 ) 16 ) 61 ) 65 ) ( - ( + ( - ( min ( * ( max v0 -30 ) 16 ) 61 ) 65 ) ( - 70 ( min ( * ( max v0 -30 ) 16 ) 61 ) ) ) 1 ) ),0,94
163,( == ( + ( * v0 6 ) ( + ( * ( + ( * v1 76 ) v2 ) 2 ) v3 ) ) ( + ( * v0 6 ) ( + ( * ( + ( * v1 76 ) v2 ) 2 ) v3 ) ) ),1,29
164,( == ( min ( max ( max ( min ( - ( / ( - ( + v0 v1 ) 1 ) 4 ) ( * ( / ( - ( min ( * ( / v2 65 ) 64 ) 4 ) 6 ) 32 ) 8 ) ) ( - ( min ( - ( / ( + v0 v1 ) 4 ) ( * ( / ( - ( min ( * ( / v2 65 ) 64 ) 4 ) 6 ) 32 ) 8 ) ) ( + ( * ( - ( / ( + ( max ( * ( / ( + ( + v3 v2 ) 64 ) 65 ) 64 ) 1975 ) 40 ) 32 ) ( / ( - ( min ( * ( / v2 65 ) 64 ) 4 ) 6 ) 32 ) ) 8 ) 8 ) ) 1 ) ) ( - ( / ( - v1 1 ) 4 ) ( * ( / ( - ( min ( * ( / v2 65 ) 64 ) 4 ) 6 ) 32 ) 8 ) ) ) -1 ) ( + ( * v4 8 ) 7 ) ) ( min ( max ( max ( min ( - ( / ( - ( + v0 v1 ) 1 ) 4 ) ( * ( / ( - ( min ( * ( / v2 65 ) 64 ) 4 ) 6 ) 32 ) 8 ) ) ( - ( min ( - ( / ( + v0 v1 ) 4 ) ( * ( / ( - ( min ( * ( / v2 65 ) 64 ) 4 ) 6 ) 32 ) 8 ) ) ( + ( * ( - ( / ( + ( max ( * ( / ( + ( + v3 v2 ) 64 ) 65 ) 64 ) 1975 ) 40 ) 32 ) ( / ( - ( min ( * ( / v2 65 ) 64 ) 4 ) 6 ) 32 ) ) 8 ) 8 ) ) 1 ) ) ( - ( / ( - v1 1 ) 4 ) ( * ( / ( - ( min ( * ( / v2 65 ) 64 ) 4 ) 6 ) 32 ) 8 ) ) ) -1 ) ( + ( * v4 8 ) 7 ) ) ),1,309
165,( == ( min ( + ( min ( + ( / v0 8 ) ( * ( / ( + ( - v1 ( / v0 8 ) ) 5 ) 8 ) 8 ) ) ( + v1 5 ) ) ( + ( min ( - v1 ( / v0 8 ) ) -2 ) ( * ( min ( / ( + ( - v1 ( / v0 8 ) ) 5 ) 4 ) 1 ) 4 ) ) ) v1 ) ( min ( + ( min ( + ( / v0 8 ) ( * ( / ( + ( - v1 ( / v0 8 ) ) 5 ) 8 ) 8 ) ) ( + v1 5 ) ) ( + ( min ( - v1 ( / v0 8 ) ) -2 ) ( * ( min ( / ( + ( - v1 ( / v0 8 ) ) 5 ) 4 ) 1 ) 4 ) ) ) v1 ) ),1,121
166,( == ( / ( + ( - ( max ( min ( / ( + ( + v0 v1 ) 7 ) 8 ) 249 ) 0 ) ( max ( min ( / v1 8 ) 249 ) 0 ) ) 19 ) 9 ) ( / ( + ( - ( max ( min ( / ( + ( + v0 v1 ) 7 ) 8 ) 249 ) 0 ) ( max ( min ( / v1 8 ) 249 ) 0 ) ) 19 ) 9 ) ),1,150
167,( == ( / ( + ( - ( max ( min ( * ( / ( + ( + v0 v1 ) 440 ) 63 ) 8 ) 246 ) -3 ) ( max ( min ( * ( / v1 63 ) 8 ) 310 ) 61 ) ) 133 ) 64 ) ( / ( + ( - ( max ( min ( * ( / ( + ( + v0 v1 ) 440 ) 63 ) 8 ) 246 ) -3 ) ( max ( min ( * ( / v1 63 ) 8 ) 310 ) 61 ) ) 133 ) 64 ) ),1,276
168,( == ( min ( + ( * v0 116 ) v1 ) ( + ( min ( * v2 8 ) 1885 ) 114 ) ) ( min ( + ( * v0 116 ) v1 ) ( + ( min ( * v2 8 ) 1885 ) 114 ) ) ),1,75
169,( == ( + ( / ( max ( * ( max ( min ( / v0 2 ) 1006 ) 7 ) 8 ) 115 ) 4 ) ( * v1 8 ) ) ( + ( / ( max ( * ( max ( min ( / v0 2 ) 1006 ) 7 ) 8 ) 115 ) 4 ) ( * v1 8 ) ) ),1,70
170,( == ( max ( / ( + ( min ( - ( max ( min ( / ( + ( + v0 v1 ) 15 ) 8 ) 249 ) 0 ) ( max ( min ( / v1 8 ) 254 ) 5 ) ) v2 ) 9 ) 4 ) v3 ) ( max ( / ( + ( min ( - ( max ( min ( / ( + ( + v0 v1 ) 15 ) 8 ) 249 ) 0 ) ( max ( min ( / v1 8 ) 254 ) 5 ) ) v2 ) 9 ) 4 ) v3 ) ),1,290
171,( >= ( + v0 v1 ) ( - ( + ( + v0 v1 ) 127 ) 1 ) ),0,40
172,( == ( + ( min ( * ( / v0 16 ) 8 ) 4 ) ( * v1 508 ) ) ( + ( min ( * ( / v0 16 ) 8 ) 4 ) ( * v1 508 ) ) ),1,65
173,( == ( min ( * ( / ( max ( min ( / ( + ( + v0 v1 ) 7 ) 8 ) 249 ) 0 ) 8 ) 8 ) ( + v2 111 ) ) ( min ( * ( / ( max ( min ( / ( + ( + v0 v1 ) 7 ) 8 ) 249 ) 0 ) 8 ) 8 ) ( + v2 111 ) ) ),1,76
174,( == ( - ( + ( / v0 32 ) v1 ) ( min ( - ( / ( + ( + v2 v0 ) 127 ) 32 ) ( * v3 37 ) ) ( + ( / v0 32 ) 29 ) ) ) ( - ( + ( / v0 32 ) v1 ) ( min ( - ( / ( + ( + v2 v0 ) 127 ) 32 ) ( * v3 37 ) ) ( + ( / v0 32 ) 29 ) ) ) ),1,74
175,( == ( / ( + ( - ( / ( + ( + v0 v1 ) 64 ) 65 ) ( / v1 65 ) ) 6 ) 4 ) ( / ( + ( - ( / ( + ( + v0 v1 ) 64 ) 65 ) ( / v1 65 ) ) 6 ) 4 ) ),1,69
176,( == ( + ( max ( min v0 999 ) 0 ) ( * v1 64 ) ) ( + ( max ( min v0 999 ) 0 ) ( * v1 64 ) ) ),1,84
177,( == ( min ( * v0 8 ) ( + ( + ( * v1 1008 ) v2 ) 992 ) ) ( min ( * v0 8 ) ( + ( + ( * v1 1008 ) v2 ) 992 ) ) ),1,50
178,( == ( - ( min ( + v0 247 ) v1 ) ( + ( * v2 4 ) ( + ( * v3 128 ) v0 ) ) ) ( - ( min ( + v0 247 ) v1 ) ( + ( * v2 4 ) ( + ( * v3 128 ) v0 ) ) ) ),1,65
179,( == ( min ( / ( - ( + v0 v1 ) 1 ) 32 ) ( + ( + ( / v1 32 ) ( * ( / v2 12 ) 12 ) ) 11 ) ) ( min ( / ( - ( + v0 v1 ) 1 ) 32 ) ( + ( + ( / v1 32 ) ( * ( / v2 12 ) 12 ) ) 11 ) ) ),1,82
180,( == ( + ( / v0 32 ) ( * v1 5 ) ) ( + ( / v0 32 ) ( * v1 5 ) ) ),1,30
181,( == ( min ( + ( + ( min ( + ( * v0 -4 ) ( + ( * v1 -32 ) ( + ( * v2 -128 ) v3 ) ) ) 4 ) ( * ( / ( - ( min ( + ( * ( + ( * ( + ( * v2 4 ) v1 ) 8 ) v0 ) 4 ) 4 ) v3 ) 1 ) 4 ) 4 ) ) v4 ) v5 ) ( min ( + ( + ( min ( + ( * v0 -4 ) ( + ( * v1 -32 ) ( + ( * v2 -128 ) v3 ) ) ) 4 ) ( * ( / ( - ( min ( + ( * ( + ( * ( + ( * v2 4 ) v1 ) 8 ) v0 ) 4 ) 4 ) v3 ) 1 ) 4 ) 4 ) ) v4 ) v5 ) ),1,118
182,( == ( / ( + ( - ( max ( min ( + v0 v1 ) 2000 ) 1 ) ( max ( min v1 1999 ) 0 ) ) 63 ) 64 ) ( / ( + ( - ( max ( min ( + v0 v1 ) 2000 ) 1 ) ( max ( min v1 1999 ) 0 ) ) 63 ) 64 ) ),1,160
183,( == ( - v0 ( * ( + ( * v1 2 ) v2 ) 500 ) ) ( - v0 ( * ( + ( * v1 2 ) v2 ) 500 ) ) ),1,26
184,( == ( min ( + ( min v0 263 ) 11 ) v1 ) ( min ( + ( min v0 263 ) 11 ) v1 ) ),1,37
185,( == ( + ( / ( - ( max ( min ( / ( - ( + v0 v1 ) 1 ) 8 ) 249 ) 0 ) ( max ( min ( / v1 8 ) 249 ) 0 ) ) 125 ) 1 ) ( + ( / ( - ( max ( min ( / ( - ( + v0 v1 ) 1 ) 8 ) 249 ) 0 ) ( max ( min ( / v1 8 ) 249 ) 0 ) ) 125 ) 1 ) ),1,269
186,( == ( min ( / ( - ( + v0 v1 ) 1 ) 2 ) ( + ( + ( / v1 2 ) ( + ( min ( * ( / ( min ( + ( * v2 -250 ) v3 ) 249 ) 4 ) 4 ) 246 ) ( * v2 250 ) ) ) 3 ) ) ( min ( / ( - ( + v0 v1 ) 1 ) 2 ) ( + ( + ( / v1 2 ) ( + ( min ( * ( / ( min ( + ( * v2 -250 ) v3 ) 249 ) 4 ) 4 ) 246 ) ( * v2 250 ) ) ) 3 ) ) ),1,62
187,( == ( / ( + v0 670 ) 668 ) ( / ( + v0 670 ) 668 ) ),1,34
188,( && ( && ( && ( && ( && ( && 1 ( <= ( - ( + 0 ( - ( + ( * v0 128 ) v1 ) 6 ) ) 131 ) ( - ( + -6 ( + ( * v0 128 ) v1 ) ) 131 ) ) ) ( >= ( - ( + 3 ( + ( + ( * v0 128 ) v1 ) 128 ) ) 131 ) ( - ( + ( - ( - 11 6 ) 1 ) ( + ( + ( * v0 128 ) v1 ) 127 ) ) 131 ) ) ) ( <= ( - ( + v2 v3 ) 3 ) ( - ( + v2 v3 ) 3 ) ) ) ( >= ( - ( + v2 v3 ) 3 ) ( - ( + v2 v3 ) 3 ) ) ) ( <= v4 v4 ) ) ( >= v4 v4 ) ),1,190
189,( == ( / ( + ( * ( - v0 v1 ) 8 ) 919 ) 812 ) ( / ( + ( * ( - v0 v1 ) 8 ) 919 ) 812 ) ),1,77
190,( == ( - ( * ( max ( min ( / v0 2 ) 999 ) 0 ) 2 ) 4 ) ( - ( + ( - ( * ( max ( min ( / v0 2 ) 999 ) 0 ) 2 ) 4 ) ( + ( * v1 2 ) 12 ) ) 1 ) ),0,150
191,( == ( + ( / ( - ( / ( + ( + v0 v1 ) 4 ) 8 ) ( / ( - v1 3 ) 8 ) ) 4 ) 1 ) ( + ( / ( - ( / ( + ( + v0 v1 ) 4 ) 8 ) ( / ( - v1 3 ) 8 ) ) 4 ) 1 ) ),1,76
192,( == ( * ( / ( max ( min ( + ( * v1 -32 ) ( - v2 v3 ) ) 20 ) -12 ) 2 ) 2 ) ( max ( min ( + ( * v1 -32 ) ( - v2 v3 ) ) 20 ) -12 ) ),0,873
193,( == ( min ( / ( max ( min ( + v0 v1 ) 1999 ) 0 ) 16 ) ( + ( / ( - ( max ( min v1 2002 ) 3 ) 19 ) 16 ) ( * ( / v2 4 ) 4 ) ) ) ( min ( / ( max ( min ( + v0 v1 ) 1999 ) 0 ) 16 ) ( + ( / ( - ( max ( min v1 2002 ) 3 ) 19 ) 16 ) ( * ( / v2 4 ) 4 ) ) ) ),1,84
194,( == 0 ( - ( + 0 ( / ( + ( % ( + v0 v1 ) 8 ) 156 ) 32 ) ) 1 ) ),0,1247
195,( == ( - ( min ( / ( + ( % ( + ( min ( * v0 500 ) ( - v1 500 ) ) v2 ) 8 ) 499 ) 8 ) ( + ( * v3 16 ) 15 ) ) ( * ( + ( * v3 4 ) v4 ) 4 ) ) ( - ( min ( / ( + ( % ( + ( min ( * v0 500 ) ( - v1 500 ) ) v2 ) 8 ) 499 ) 8 ) ( + ( * v3 16 ) 15 ) ) ( * ( + ( * v3 4 ) v4 ) 4 ) ) ),1,101
196,( == ( - ( min ( max ( min v0 250 ) 1 ) ( + ( max ( min ( / ( - ( + ( min v1 57 ) v2 ) 113 ) 8 ) 249 ) 0 ) 128 ) ) ( + ( max ( min ( / ( - ( + ( min v1 57 ) v2 ) 113 ) 8 ) 249 ) 0 ) ( * v3 16 ) ) ) ( - ( min ( max ( min v0 250 ) 1 ) ( + ( max ( min ( / ( - ( + ( min v1 57 ) v2 ) 113 ) 8 ) 249 ) 0 ) 128 ) ) ( + ( max ( min ( / ( - ( + ( min v1 57 ) v2 ) 113 ) 8 ) 249 ) 0 ) ( * v3 16 ) ) ) ),1,140
197,( <= ( max ( + ( min ( - 61 ( / v0 4 ) ) ( - ( + 0 22 ) 1 ) ) 1 ) ( min ( max ( + ( / ( - 0 v0 ) 4 ) 1 ) 0 ) ( + 22 0 ) ) ) ( min ( max ( + ( / ( - 0 v0 ) 4 ) 1 ) 0 ) ( + 22 0 ) ) ),0,914
198,( <= ( + ( max ( - ( / ( + ( min ( * v0 32 ) 93 ) v1 ) 4 ) ( + ( / ( + v1 7 ) 4 ) ( * v0 8 ) ) ) 0 ) 12 ) 1024 ),0,861
199,( == ( + ( * ( max ( min v0 -8 ) -135 ) 2 ) 16 ) ( - ( + ( + ( * ( max ( min v0 -8 ) -135 ) 2 ) 16 ) ( - -14 ( * ( max ( min v0 -8 ) -135 ) 2 ) ) ) 1 ) ),0,104
200,( == ( min ( max ( min ( + v0 v1 ) 1875 ) -124 ) ( + ( + ( max ( min ( + v0 v1 ) 1999 ) 0 ) ( * ( / v2 4 ) 4 ) ) 3 ) ) ( min ( max ( min ( + v0 v1 ) 1875 ) -124 ) ( + ( + ( max ( min ( + v0 v1 ) 1999 ) 0 ) ( * ( / v2 4 ) 4 ) ) 3 ) ) ),1,71
201,( == ( - v0 9 ) ( - ( + ( - v0 9 ) 3 ) 1 ) ),0,45
202,( == ( + ( min ( / v0 8 ) 4 ) ( * v1 32 ) ) ( + ( min ( / v0 8 ) 4 ) ( * v1 32 ) ) ),1,48
203,( == ( * ( / ( * v0 250 ) 2 ) 2 ) ( * v0 250 ) ),1,17
204,( == ( min ( * ( / ( - ( max ( min ( + v0 v1 ) 2002 ) 3 ) 3 ) 16 ) 16 ) ( + v2 18 ) ) ( min ( * ( / ( - ( max ( min ( + v0 v1 ) 2002 ) 3 ) 3 ) 16 ) 16 ) ( + v2 18 ) ) ),1,72
205,( == ( - ( min ( - ( max ( min ( / ( + ( + v0 v1 ) 7 ) 8 ) 249 ) 0 ) ( * v2 63 ) ) ( + ( max ( min ( / v1 8 ) 256 ) 7 ) 55 ) ) ( + ( max ( min ( / v1 8 ) 256 ) 7 ) ( * v3 35 ) ) ) ( - ( min ( - ( max ( min ( / ( + ( + v0 v1 ) 7 ) 8 ) 249 ) 0 ) ( * v2 63 ) ) ( + ( max ( min ( / v1 8 ) 256 ) 7 ) 55 ) ) ( + ( max ( min ( / v1 8 ) 256 ) 7 ) ( * v3 35 ) ) ) ),1,135
206,( == ( * ( + ( * ( min v0 249 ) 4 ) v1 ) 2 ) ( * ( + ( * ( min v0 249 ) 4 ) v1 ) 2 ) ),1,43
207,( == 0 ( - ( + 0 ( - ( / ( max ( min v0 1009 ) 10 ) 2 ) 3 ) ) 1 ) ),0,72
208,( && ( && ( && ( && ( && ( && 1 ( <= ( + 0 ( - v0 3 ) ) ( - v0 1 ) ) ) ( >= ( + 3 ( + v0 61 ) ) ( + v0 64 ) ) ) ( <= ( + v1 v2 ) ( + v1 v2 ) ) ) ( >= ( + v1 v2 ) ( + v1 v2 ) ) ) ( <= v3 v3 ) ) ( >= v3 v3 ) ),1,112
209,( == ( - ( + ( / v0 4 ) v1 ) ( min ( - ( / ( + ( + v2 v0 ) 3 ) 4 ) ( * v3 8 ) ) ( + ( / v0 4 ) 7 ) ) ) ( - ( + ( / v0 4 ) v1 ) ( min ( - ( / ( + ( + v2 v0 ) 3 ) 4 ) ( * v3 8 ) ) ( + ( / v0 4 ) 7 ) ) ) ),1,66
210,( == ( min ( + ( * v0 3 ) v1 ) ( + ( * ( + ( * v2 2 ) ( + ( * v3 9 ) v4 ) ) 8 ) 6 ) ) ( min ( + ( * v0 3 ) v1 ) ( + ( * ( + ( * v2 2 ) ( + ( * v3 9 ) v4 ) ) 8 ) 6 ) ) ),1,61
211,( == ( + ( * ( / v0 8 ) 8 ) ( + ( * ( / ( + ( * ( max ( * ( min ( + ( * v1 -16 ) v2 ) 15 ) -1 ) ( + ( * v1 16 ) ( - ( / v0 8 ) ( / ( + ( + v3 v0 ) 7 ) 8 ) ) ) ) -8 ) 10 ) 66 ) 66 ) ( * v1 128 ) ) ) ( + ( * ( / v0 8 ) 8 ) ( + ( * ( / ( + ( * ( max ( * ( min ( + ( * v1 -16 ) v2 ) 15 ) -1 ) ( + ( * v1 16 ) ( - ( / v0 8 ) ( / ( + ( + v3 v0 ) 7 ) 8 ) ) ) ) -8 ) 10 ) 66 ) 66 ) ( * v1 128 ) ) ) ),1,134
212,( == ( min ( + ( * v0 4 ) ( + v1 v2 ) ) ( + v1 v3 ) ) ( min ( + ( * v0 4 ) ( + v1 v2 ) ) ( + v1 v3 ) ) ),1,86
213,( == ( / ( + ( * ( - ( max ( min ( * ( / ( + ( + v0 v1 ) 499 ) 500 ) 8 ) 26 ) -5 ) ( max ( min ( * ( / v1 500 ) 8 ) 67 ) 36 ) ) 8 ) 375 ) 33 ) ( / ( + ( * ( - ( max ( min ( * ( / ( + ( + v0 v1 ) 499 ) 500 ) 8 ) 26 ) -5 ) ( max ( min ( * ( / v1 500 ) 8 ) 67 ) 36 ) ) 8 ) 375 ) 33 ) ),1,204
214,( == ( min ( + ( * v0 20 ) ( * ( + ( * v1 4 ) v2 ) 8 ) ) ( + ( * ( min ( / ( + ( + v3 v4 ) 251 ) 63 ) ( + ( + ( * v1 4 ) v2 ) 1 ) ) 8 ) 9 ) ) ( min ( + ( * v0 20 ) ( * ( + ( * v1 4 ) v2 ) 8 ) ) ( + ( * ( min ( / ( + ( + v3 v4 ) 251 ) 63 ) ( + ( + ( * v1 4 ) v2 ) 1 ) ) 8 ) 9 ) ) ),1,112
215,( == ( min ( + ( + ( * v0 2 ) v1 ) 1 ) v2 ) ( min ( + ( + ( * v0 2 ) v1 ) 1 ) v2 ) ),1,63
216,( == ( * ( + ( * ( / v0 63 ) 2 ) v1 ) 4 ) ( * ( + ( * ( / v0 63 ) 2 ) v1 ) 4 ) ),1,37
217,( == ( min ( - ( * ( + ( * v0 4 ) v1 ) 4 ) 21 ) v2 ) ( min ( - ( * ( + ( * v0 4 ) v1 ) 4 ) 21 ) v2 ) ),1,48
218,( == ( - ( max ( min v0 218 ) -31 ) ( + ( * v1 4 ) v2 ) ) ( - ( max ( min v0 218 ) -31 ) ( + ( * v1 4 ) v2 ) ) ),1,51
219,( == ( + ( / ( max ( / ( - ( max ( min ( * v0 8 ) 4004 ) 5 ) 13 ) 2 ) 0 ) 63 ) ( * v1 8 ) ) ( + ( / ( max ( / ( - ( max ( min ( * v0 8 ) 4004 ) 5 ) 13 ) 2 ) 0 ) 63 ) ( * v1 8 ) ) ),1,61
220,( != ( / ( + v0 9 ) 5 ) 0 ),0,2725
221,( == ( + ( + ( min ( * v0 32 ) 111 ) ( / ( + v1 v2 ) 2 ) ) 140 ) ( + ( + ( min ( * v0 32 ) 111 ) ( / ( + v1 v2 ) 2 ) ) 140 ) ),1,65
222,( == ( - ( max ( min ( * ( + ( / v0 16 ) v1 ) 8 ) ( + ( min ( * ( / ( + ( + v2 v0 ) 15 ) 16 ) 8 ) 990 ) 11 ) ) 2 ) ( + ( max ( min ( * ( + ( / v0 16 ) v1 ) 8 ) ( + ( min ( * ( / ( + ( + v2 v0 ) 15 ) 16 ) 8 ) 997 ) 11 ) ) 9 ) ( * v3 4 ) ) ) ( - ( max ( min ( * ( + ( / v0 16 ) v1 ) 8 ) ( + ( min ( * ( / ( + ( + v2 v0 ) 15 ) 16 ) 8 ) 990 ) 11 ) ) 2 ) ( + ( max ( min ( * ( + ( / v0 16 ) v1 ) 8 ) ( + ( min ( * ( / ( + ( + v2 v0 ) 15 ) 16 ) 8 ) 997 ) 11 ) ) 9 ) ( * v3 4 ) ) ) ),1,189
223,( == ( max ( - -10 ( max ( * v0 8 ) -9 ) ) ( - ( min ( * v0 -8 ) 9 ) 10 ) ) ( max ( - -10 ( max ( * v0 8 ) -9 ) ) ( - ( min ( * v0 -8 ) 9 ) 10 ) ) ),1,58
224,( == ( - v0 ( * v1 532 ) ) ( - v0 ( * v1 532 ) ) ),1,26
225,( == ( - ( - ( * v0 8 ) ( * v1 84 ) ) ( * ( + ( * v2 20 ) v3 ) 8 ) ) ( - ( - ( * v0 8 ) ( * v1 84 ) ) ( * ( + ( * v2 20 ) v3 ) 8 ) ) ),1,61
226,( == ( + ( * ( - ( / ( max ( / ( + ( + v0 v1 ) 7 ) 8 ) 255 ) 16 ) ( / ( min ( / v1 8 ) 0 ) 16 ) ) 4 ) 10 ) ( + ( * ( - ( / ( max ( / ( + ( + v0 v1 ) 7 ) 8 ) 255 ) 16 ) ( / ( min ( / v1 8 ) 0 ) 16 ) ) 4 ) 10 ) ),1,111
227,( >= ( - v0 9 ) ( - ( + ( - v0 9 ) ( + ( min ( - ( + v1 v2 ) v3 ) -10 ) 11 ) ) 1 ) ),1,117
228,( == ( / ( + ( - ( max ( min ( + v0 v1 ) 1997 ) -2 ) ( max ( min v1 2006 ) 7 ) ) 1009 ) 1000 ) ( / ( + ( - ( max ( min ( + v0 v1 ) 1997 ) -2 ) ( max ( min v1 2006 ) 7 ) ) 1009 ) 1000 ) ),1,138
229,( == ( + ( / ( - v0 8 ) 32 ) ( * v1 3 ) ) ( + ( / ( - v0 8 ) 32 ) ( * v1 3 ) ) ),1,34
230,( != ( + ( / v0 501 ) 1 ) 0 ),0,294
231,( == ( min ( - ( / ( + ( + v0 v1 ) 3 ) 4 ) ( / v1 4 ) ) ( + v2 31 ) ) ( min ( - ( / ( + ( + v0 v1 ) 3 ) 4 ) ( / v1 4 ) ) ( + v2 31 ) ) ),1,61
232,( == ( max ( + ( + ( + v0 v1 ) v2 ) 9 ) v1 ) ( max ( + ( + ( + v0 v1 ) v2 ) 9 ) v1 ) ),1,44
233,( != ( / ( + v0 46 ) 38 ) 0 ),0,406
234,( == ( / ( + ( - ( max v0 -1 ) v1 ) 505 ) 501 ) ( / ( + ( - ( max v0 -1 ) v1 ) 505 ) 501 ) ),1,161
235,( == ( + ( max v0 37 ) ( * v1 4 ) ) ( + ( max v0 37 ) ( * v1 4 ) ) ),1,66
236,( == ( / ( + ( - ( max ( min ( * ( / ( + ( + v0 v1 ) 447 ) 32 ) 32 ) 1994 ) -5 ) ( max ( min ( * ( / v1 32 ) 32 ) 2609 ) 610 ) ) 1283 ) 668 ) ( / ( + ( - ( max ( min ( * ( / ( + ( + v0 v1 ) 447 ) 32 ) 32 ) 1994 ) -5 ) ( max ( min ( * ( / v1 32 ) 32 ) 2609 ) 610 ) ) 1283 ) 668 ) ),1,218
237,( <= ( + ( max ( - ( + ( * ( / ( max ( * v0 8 ) 244 ) 4 ) -4 ) ( + ( * v0 8 ) v1 ) ) ( + ( min ( * v0 8 ) 244 ) v1 ) ) -242 ) 258 ) 1024 ),0,1083
238,( != ( / ( + ( * ( - v0 v1 ) 8 ) 1542 ) 990 ) 0 ),0,544
239,( == ( / ( + ( - ( min ( * ( max ( min ( / ( + ( + v0 v1 ) 7 ) 8 ) 249 ) 0 ) 8 ) 1962 ) ( max ( * ( max ( min ( / v1 8 ) 256 ) 7 ) 8 ) 75 ) ) 388 ) 256 ) ( / ( + ( - ( min ( * ( max ( min ( / ( + ( + v0 v1 ) 7 ) 8 ) 249 ) 0 ) 8 ) 1962 ) ( max ( * ( max ( min ( / v1 8 ) 256 ) 7 ) 8 ) 75 ) ) 388 ) 256 ) ),1,134
240,( == ( * ( / ( max ( min ( + ( * v2 -16 ) ( + ( * ( + ( max v3 -1 ) 1 ) -16 ) ( - ( max ( min ( / ( + v4 ( min ( * v5 128 ) ( - v6 128 ) ) ) 2 ) 968 ) -31 ) ( max ( min ( / ( + v4 ( min ( * v5 128 ) ( - v6 128 ) ) ) 2 ) 999 ) 0 ) ) ) ) -16 ) -32 ) 2 ) 2 ) ( max ( min ( + ( * v2 -16 ) ( + ( * ( + ( max v3 -1 ) 1 ) -16 ) ( - ( max ( min ( / ( + v4 ( min ( * v5 128 ) ( - v6 128 ) ) ) 2 ) 968 ) -31 ) ( max ( min ( / ( + v4 ( min ( * v5 128 ) ( - v6 128 ) ) ) 2 ) 999 ) 0 ) ) ) ) -16 ) -32 ) ),0,3001
241,( == ( / ( + v0 679 ) 672 ) ( / ( + v0 679 ) 672 ) ),1,29
242,( == ( * ( / ( * v0 -1024 ) 32 ) 32 ) ( * v0 -1024 ) ),1,43
243,( == ( - ( min ( - ( / ( + ( + v0 v1 ) 7 ) 8 ) ( * v2 126 ) ) ( + ( / v1 8 ) 125 ) ) ( + ( / v1 8 ) ( * v3 33 ) ) ) ( - ( min ( - ( / ( + ( + v0 v1 ) 7 ) 8 ) ( * v2 126 ) ) ( + ( / v1 8 ) 125 ) ) ( + ( / v1 8 ) ( * v3 33 ) ) ) ),1,87
244,( == ( / ( + ( * ( - ( / ( - ( + v0 v1 ) 1 ) 63 ) ( / v1 63 ) ) 8 ) 28 ) 17 ) ( / ( + ( * ( - ( / ( - ( + v0 v1 ) 1 ) 63 ) ( / v1 63 ) ) 8 ) 28 ) 17 ) ),1,77
245,( == ( - ( min ( + v0 127 ) v1 ) ( + ( * v2 2 ) ( + ( * v3 32 ) v0 ) ) ) ( - ( min ( + v0 127 ) v1 ) ( + ( * v2 2 ) ( + ( * v3 32 ) v0 ) ) ) ),1,638
246,( && ( && ( && ( && ( && ( && 1 ( <= ( - v0 4 ) ( - ( + 0 v0 ) 4 ) ) ) ( >= ( + v0 121 ) ( - ( + ( - ( + 126 0 ) 1 ) v0 ) 4 ) ) ) ( <= ( - ( + ( + ( * 0 4 ) v1 ) 0 ) 4 ) ( - ( + ( + ( * 0 4 ) 0 ) v1 ) 4 ) ) ) ( >= ( - ( + ( + ( * 249 4 ) v1 ) 3 ) 4 ) ( - ( + ( + ( * ( - ( + 250 0 ) 1 ) 4 ) ( - ( + 4 0 ) 1 ) ) v1 ) 4 ) ) ) ( <= v2 v2 ) ) ( >= v2 v2 ) ),1,196
247,( == ( / ( + ( - ( max ( min ( + v0 v1 ) 1992 ) -7 ) ( max ( min v1 2009 ) 10 ) ) 685 ) 668 ) ( / ( + ( - ( max ( min ( + v0 v1 ) 1992 ) -7 ) ( max ( min v1 2009 ) 10 ) ) 685 ) 668 ) ),1,136
248,( != ( / ( + ( * v0 16 ) 286 ) 253 ) 0 ),0,502
249,( == ( + ( * ( min ( - ( / ( - ( + v0 v1 ) 1 ) 63 ) ( * v2 12 ) ) ( + ( / v1 63 ) 11 ) ) -2 ) ( + ( * ( + ( / v1 63 ) ( * v3 6 ) ) 2 ) ( + ( * v4 4 ) v5 ) ) ) ( + ( * ( min ( - ( / ( - ( + v0 v1 ) 1 ) 63 ) ( * v2 12 ) ) ( + ( / v1 63 ) 11 ) ) -2 ) ( + ( * ( + ( / v1 63 ) ( * v3 6 ) ) 2 ) ( + ( * v4 4 ) v5 ) ) ) ),1,107
250,( == ( + ( min ( / v0 8 ) 0 ) ( * v1 4 ) ) ( + ( min ( / v0 8 ) 0 ) ( * v1 4 ) ) ),1,65
251,( == ( min ( + ( + ( * v0 8 ) v1 ) 6 ) v2 ) ( min ( + ( + ( * v0 8 ) v1 ) 6 ) v2 ) ),1,54
252,( == ( min ( * v0 4 ) ( + ( * v1 4 ) 7 ) ) ( min ( * v0 4 ) ( + ( * v1 4 ) 7 ) ) ),1,42
253,( == ( min ( / ( - ( + v0 v1 ) 41 ) 8 ) ( - ( + ( / v1 8 ) ( * v2 8 ) ) 5 ) ) ( min ( / ( - ( + v0 v1 ) 41 ) 8 ) ( - ( + ( / v1 8 ) ( * v2 8 ) ) 5 ) ) ),1,51
254,( == ( min ( + ( * v0 2 ) v1 ) ( + v2 27 ) ) ( min ( + ( * v0 2 ) v1 ) ( + v2 27 ) ) ),1,40
255,( && ( && ( && ( && ( && ( && 1 ( <= ( - ( + 0 ( - v0 11 ) ) 3 ) ( - ( - ( + 0 v0 ) 10 ) 4 ) ) ) ( >= ( - ( + 3 ( + v0 996 ) ) 3 ) ( - ( + ( + 3 ( + v0 996 ) ) 1 ) 4 ) ) ) ( <= ( + v1 v2 ) ( + v1 v2 ) ) ) ( >= ( + v1 v2 ) ( + v1 v2 ) ) ) ( <= 0 0 ) ) ( >= 0 0 ) ),1,152
256,( == ( - ( * v0 2 ) ( + ( * ( + ( * v1 16 ) v2 ) 2 ) v3 ) ) ( - ( * v0 2 ) ( + ( * ( + ( * v1 16 ) v2 ) 2 ) v3 ) ) ),1,57
257,( == ( + ( min ( * v0 8 ) 117 ) ( + v1 v2 ) ) ( + ( min ( * v0 8 ) 117 ) ( + v1 v2 ) ) ),1,30
258,( != ( + ( / v0 64 ) 1 ) 0 ),0,282
259,( != v0 0 ),0,396
260,( < ( + ( / ( + v0 v1 ) 65 ) 1 ) ( / ( + ( + v0 1 ) v1 ) 65 ) ),0,65
261,( == ( min ( * ( / ( + ( + v0 v1 ) 63 ) 16 ) 4 ) ( + ( * ( + ( / ( + v0 v1 ) 16 ) v2 ) 4 ) 3 ) ) ( min ( * ( / ( + ( + v0 v1 ) 63 ) 16 ) 4 ) ( + ( * ( + ( / ( + v0 v1 ) 16 ) v2 ) 4 ) 3 ) ) ),1,108
262,( == ( - ( * ( max ( * v0 16 ) 10 ) -2 ) ( * v1 15 ) ) ( - ( * ( max ( * v0 16 ) 10 ) -2 ) ( * v1 15 ) ) ),1,43
263,( == ( min ( * v0 8 ) ( + ( + ( min ( * ( + ( * v1 31 ) v2 ) 8 ) ( + ( * v2 8 ) 434 ) ) ( * v3 496 ) ) 50 ) ) ( min ( * v0 8 ) ( + ( + ( min ( * ( + ( * v1 31 ) v2 ) 8 ) ( + ( * v2 8 ) 434 ) ) ( * v3 496 ) ) 50 ) ) ),1,74
264,( == ( min ( - 36 ( * v0 19 ) ) ( + ( - ( * ( / ( + ( + v1 v2 ) 127 ) 32 ) 4 ) ( + ( * v0 19 ) v3 ) ) 31 ) ) ( min ( - 36 ( * v0 19 ) ) ( + ( - ( * ( / ( + ( + v1 v2 ) 127 ) 32 ) 4 ) ( + ( * v0 19 ) v3 ) ) 31 ) ) ),1,90
265,( == ( / ( + ( - ( max ( min ( / ( - ( + v0 v1 ) 1 ) 65 ) 29 ) -2 ) ( max ( min ( / v1 65 ) 31 ) 0 ) ) 14 ) 9 ) ( / ( + ( - ( max ( min ( / ( - ( + v0 v1 ) 1 ) 65 ) 29 ) -2 ) ( max ( min ( / v1 65 ) 31 ) 0 ) ) 14 ) 9 ) ),1,594
266,( == ( + ( * v0 348 ) ( * v1 8 ) ) ( + ( * v0 348 ) ( * v1 8 ) ) ),1,34
267,( == ( / ( + ( - v0 v1 ) 136 ) 79 ) ( / ( + ( - v0 v1 ) 136 ) 79 ) ),1,45
268,( == ( / ( + ( - ( max ( min ( * ( / ( - ( + v0 v1 ) 1 ) 16 ) 32 ) 3986 ) -13 ) ( max ( min ( * ( / v1 16 ) 32 ) 4044 ) 45 ) ) 124 ) 63 ) ( / ( + ( - ( max ( min ( * ( / ( - ( + v0 v1 ) 1 ) 16 ) 32 ) 3986 ) -13 ) ( max ( min ( * ( / v1 16 ) 32 ) 4044 ) 45 ) ) 124 ) 63 ) ),1,245
269,( == ( max ( * v0 8 ) ( + ( + ( * v1 8 ) v2 ) 107 ) ) ( max ( * v0 8 ) ( + ( + ( * v1 8 ) v2 ) 107 ) ) ),1,62
270,( == ( min ( + ( + ( * v0 19 ) v1 ) 6 ) v2 ) ( min ( + ( + ( * v0 19 ) v1 ) 6 ) v2 ) ),1,51
271,( == ( / ( + ( - ( max ( min ( / ( + ( + v0 v1 ) 7 ) 8 ) 249 ) 0 ) ( max ( min ( / v1 8 ) 249 ) 0 ) ) 127 ) 126 ) ( / ( + ( - ( max ( min ( / ( + ( + v0 v1 ) 7 ) 8 ) 249 ) 0 ) ( max ( min ( / v1 8 ) 249 ) 0 ) ) 127 ) 126 ) ),1,232
272,( == ( - v0 ( + ( * ( + ( * v1 9 ) ( + ( * v2 3 ) v3 ) ) 4 ) ( + ( * v4 108 ) v5 ) ) ) ( - v0 ( + ( * ( + ( * v1 9 ) ( + ( * v2 3 ) v3 ) ) 4 ) ( + ( * v4 108 ) v5 ) ) ) ),1,95
273,( == ( + ( max ( min ( / v0 8 ) 249 ) 0 ) ( * v1 8 ) ) ( + ( max ( min ( / v0 8 ) 249 ) 0 ) ( * v1 8 ) ) ),1,47
274,( == ( * ( / ( min ( + ( * ( % v3 ( / ( + v4 19 ) 17 ) ) 136 ) ( + ( * ( / ( max ( min ( / v2 8 ) 249 ) 0 ) 8 ) 8 ) 119 ) ) ( * ( / ( max ( min ( / ( + ( + v1 v2 ) 7 ) 8 ) 249 ) 0 ) 8 ) 8 ) ) 8 ) 8 ) ( min ( + ( * ( % v3 ( / ( + v4 19 ) 17 ) ) 136 ) ( + ( * ( / ( max ( min ( / v2 8 ) 249 ) 0 ) 8 ) 8 ) 119 ) ) ( * ( / ( max ( min ( / ( + ( + v1 v2 ) 7 ) 8 ) 249 ) 0 ) 8 ) 8 ) ) ),0,2058
275,( == ( - ( min ( - ( / ( + ( + v0 v1 ) 5 ) 2 ) ( * ( / v2 2 ) 126 ) ) ( + ( / v1 2 ) 121 ) ) ( + ( / v1 2 ) ( * v3 4 ) ) ) ( - ( min ( - ( / ( + ( + v0 v1 ) 5 ) 2 ) ( * ( / v2 2 ) 126 ) ) ( + ( / v1 2 ) 121 ) ) ( + ( / v1 2 ) ( * v3 4 ) ) ) ),1,86
276,( && ( && ( && ( && ( && ( && 1 ( <= ( - v0 3 ) ( - v0 3 ) ) ) ( >= ( + v0 2 ) ( + v0 2 ) ) ) ( <= ( + ( + ( + v1 v2 ) 0 ) 1 ) ( - ( + v1 v2 ) 3 ) ) ) ( >= ( + ( + ( + v1 v2 ) 3 ) 1 ) ( + ( + v1 v2 ) 1 ) ) ) ( <= 0 0 ) ) ( >= 2 2 ) ),0,148
277,( == ( - ( * ( max ( min ( / v0 8 ) 249 ) 0 ) 8 ) 6 ) ( - ( + ( - ( * ( max ( min ( / v0 8 ) 249 ) 0 ) 8 ) 6 ) ( + ( * v1 8 ) 13 ) ) 1 ) ),0,165
278,( == ( - ( min v0 33 ) 33 ) ( - ( + ( - ( min v0 33 ) 33 ) ( - 36 ( min v0 33 ) ) ) 1 ) ),0,84
279,( && ( && ( && ( && ( && ( && 1 ( <= ( - ( + ( + ( * v0 4 ) v1 ) 0 ) 5 ) ( - ( + ( + ( * v0 4 ) 0 ) v1 ) 5 ) ) ) ( >= ( - ( + ( + ( * v0 4 ) v1 ) 3 ) 5 ) ( - ( + ( + ( * v0 4 ) ( - ( + 4 0 ) 1 ) ) v1 ) 5 ) ) ) ( <= ( - v2 1 ) ( + -1 v2 ) ) ) ( >= ( + v2 256 ) ( + ( - ( - 9 1 ) 1 ) ( - ( + 250 v2 ) 1 ) ) ) ) ( <= 0 0 ) ) ( >= 13 ( - ( + 14 0 ) 1 ) ) ),1,218
280,( == ( + ( * v0 2 ) ( + ( / v1 16 ) ( * v2 8 ) ) ) ( + ( * v0 2 ) ( + ( / v1 16 ) ( * v2 8 ) ) ) ),1,57
281,( == ( - ( / ( + ( + v0 v1 ) 129 ) 2 ) ( + ( * v2 4 ) ( + ( / ( + v0 v1 ) 2 ) ( * v3 32 ) ) ) ) ( - ( / ( + ( + v0 v1 ) 129 ) 2 ) ( + ( * v2 4 ) ( + ( / ( + v0 v1 ) 2 ) ( * v3 32 ) ) ) ) ),1,83
282,( == ( min ( max ( max ( - v0 42 ) v1 ) ( + v2 v1 ) ) ( + v3 6 ) ) ( min ( max ( max ( - v0 42 ) v1 ) ( + v2 v1 ) ) ( + v3 6 ) ) ),1,49
283,( == ( + ( max ( min ( + v0 v1 ) 1999 ) 0 ) ( * v2 116 ) ) ( + ( max ( min ( + v0 v1 ) 1999 ) 0 ) ( * v2 116 ) ) ),1,63
284,( <= ( max ( + ( min ( min ( min ( min 1999 1999 ) ( - ( min ( + v3 v4 ) 2000 ) 1 ) ) ( - ( min ( * ( max ( min ( / v1 8 ) 254 ) 5 ) 8 ) ( + ( * v2 8 ) 55 ) ) 52 ) ) ( - ( + ( - ( * v6 8 ) 52 ) ( + ( * ( min v5 10 ) 8 ) 59 ) ) 1 ) ) 1 ) ( min ( max ( max ( max 0 0 ) ( max v4 0 ) ) ( - ( * v6 8 ) 52 ) ) ( + ( + ( * ( min v5 10 ) 8 ) 59 ) ( - ( * v6 8 ) 52 ) ) ) ) ( min ( max ( max ( max 0 0 ) ( max v4 0 ) ) ( - ( * v6 8 ) 52 ) ) ( + ( + ( * ( min v5 10 ) 8 ) 59 ) ( - ( * v6 8 ) 52 ) ) ) ),0,2803
285,( == ( * ( / ( * ( min ( + ( * ( % v3 ( / ( + ( * v4 512 ) 1485 ) 756 ) ) 756 ) ( + ( * ( / v2 500 ) 512 ) 26 ) ) ( * ( / ( - ( + v1 v2 ) 1 ) 500 ) 512 ) ) -1 ) 4 ) 4 ) ( * ( min ( + ( * ( % v3 ( / ( + ( * v4 512 ) 1485 ) 756 ) ) 756 ) ( + ( * ( / v2 500 ) 512 ) 26 ) ) ( * ( / ( - ( + v1 v2 ) 1 ) 500 ) 512 ) ) -1 ) ),0,2059
286,( == ( min ( * ( + ( * v0 2 ) ( + ( * v1 8 ) v2 ) ) 8 ) ( + ( * v3 8 ) 92 ) ) ( min ( * ( + ( * v0 2 ) ( + ( * v1 8 ) v2 ) ) 8 ) ( + ( * v3 8 ) 92 ) ) ),1,82
287,( == ( max ( + ( / ( - 28 v0 ) 4 ) ( * ( / ( + ( max ( * ( / ( + ( + v1 v2 ) 64 ) 65 ) 64 ) 1975 ) 40 ) 32 ) 8 ) ) ( + ( - ( * ( / ( + ( max ( * ( / ( + ( + v1 v2 ) 64 ) 65 ) 64 ) 1975 ) 40 ) 32 ) 8 ) ( / v0 4 ) ) 7 ) ) ( max ( + ( / ( - 28 v0 ) 4 ) ( * ( / ( + ( max ( * ( / ( + ( + v1 v2 ) 64 ) 65 ) 64 ) 1975 ) 40 ) 32 ) 8 ) ) ( + ( - ( * ( / ( + ( max ( * ( / ( + ( + v1 v2 ) 64 ) 65 ) 64 ) 1975 ) 40 ) 32 ) 8 ) ( / v0 4 ) ) 7 ) ) ),1,153
288,( == ( + v0 6 ) ( + v0 6 ) ),1,13
289,( == ( + ( * v0 16 ) ( - ( max ( min ( + ( * v1 64 ) v2 ) 999 ) 0 ) ( max ( min ( + ( * v1 64 ) v2 ) 936 ) -63 ) ) ) ( + ( * v0 16 ) ( - ( max ( min ( + ( * v1 64 ) v2 ) 999 ) 0 ) ( max ( min ( + ( * v1 64 ) v2 ) 936 ) -63 ) ) ) ),1,223
290,( == ( min ( / ( + ( + v0 v1 ) 7 ) 2 ) ( - ( + ( / ( + v0 v1 ) 2 ) ( * ( / ( + ( % ( + v0 v1 ) 2 ) 7 ) 4 ) 4 ) ) 1 ) ) ( min ( / ( + ( + v0 v1 ) 7 ) 2 ) ( - ( + ( / ( + v0 v1 ) 2 ) ( * ( / ( + ( % ( + v0 v1 ) 2 ) 7 ) 4 ) 4 ) ) 1 ) ) ),1,83
291,( && ( && ( && ( && ( && ( && 1 ( <= ( - ( max ( + v0 5 ) v1 ) 1 ) ( - v0 1 ) ) ) ( >= ( + v0 4 ) ( + v0 4 ) ) ) ( <= ( + ( + 0 ( - ( + ( + ( min ( * v2 36 ) 96 ) ( * v3 12 ) ) v4 ) 5 ) ) 4 ) ( - ( + ( + ( min ( * v2 36 ) 96 ) ( * v3 12 ) ) v4 ) 1 ) ) ) ( >= ( + ( + 3 ( + ( + ( + ( min ( * v2 36 ) 96 ) ( * v3 12 ) ) v4 ) 8 ) ) 4 ) ( + ( + ( + ( min ( * v2 36 ) 96 ) ( * v3 12 ) ) v4 ) 15 ) ) ) ( <= 0 0 ) ) ( >= 2 2 ) ),0,281
292,( >= ( max ( - -905 ( * v0 64 ) ) ( + ( * v0 64 ) 164 ) ) 0 ),0,515
293,( == ( - ( - ( / v0 2 ) ( * v1 3 ) ) ( / ( - v0 1 ) 2 ) ) ( - ( - ( / v0 2 ) ( * v1 3 ) ) ( / ( - v0 1 ) 2 ) ) ),1,38
294,( == ( min ( / ( + ( + v0 v1 ) 7 ) 8 ) v2 ) ( min ( / ( + ( + v0 v1 ) 7 ) 8 ) v2 ) ),1,40
295,( != ( / ( + ( * v0 8 ) 133 ) 126 ) 0 ),0,829
296,( == ( min ( - ( - ( / ( + ( + v0 v1 ) 3 ) 4 ) ( / v1 4 ) ) 127 ) v2 ) ( min ( - ( - ( / ( + ( + v0 v1 ) 3 ) 4 ) ( / v1 4 ) ) 127 ) v2 ) ),1,58
297,( == ( + ( * v0 36 ) ( * ( / ( + v1 v2 ) 133 ) 8 ) ) ( + ( * v0 36 ) ( * ( / ( + v1 v2 ) 133 ) 8 ) ) ),1,65
298,( == ( + ( / v0 32 ) ( * v1 15 ) ) ( + ( / v0 32 ) ( * v1 15 ) ) ),1,72
299,( == ( - ( - ( * ( / ( max ( min ( / ( + ( + v0 v1 ) 7 ) 8 ) 249 ) 0 ) 8 ) 8 ) ( * v2 17 ) ) ( * ( / ( max ( min ( / v1 8 ) 249 ) 0 ) 8 ) 8 ) ) ( - ( - ( * ( / ( max ( min ( / ( + ( + v0 v1 ) 7 ) 8 ) 249 ) 0 ) 8 ) 8 ) ( * v2 17 ) ) ( * ( / ( max ( min ( / v1 8 ) 249 ) 0 ) 8 ) 8 ) ) ),1,105
300,( == ( - ( * ( / ( + ( + v0 v1 ) 251 ) 63 ) 2 ) ( / v2 4 ) ) ( - ( * ( / ( + ( + v0 v1 ) 251 ) 63 ) 2 ) ( / v2 4 ) ) ),1,54
301,( >= ( / ( + v0 v1 ) 16 ) ( + ( + ( / ( + ( - v0 1 ) v1 ) 16 ) 1 ) 1 ) ),0,74
302,( == ( max ( min ( - ( * v0 4 ) ( min ( - ( - ( * ( max ( min ( * ( min ( / ( + ( + v1 v2 ) 499 ) 500 ) 3 ) 8 ) 22 ) -7 ) 8 ) ( * v3 90 ) ) v4 ) -134 ) ) 223 ) ( + ( min ( + v5 v4 ) 3 ) 220 ) ) ( max ( min ( - ( * v0 4 ) ( min ( - ( - ( * ( max ( min ( * ( min ( / ( + ( + v1 v2 ) 499 ) 500 ) 3 ) 8 ) 22 ) -7 ) 8 ) ( * v3 90 ) ) v4 ) -134 ) ) 223 ) ( + ( min ( + v5 v4 ) 3 ) 220 ) ) ),1,152
303,( == ( min ( / ( + v0 40 ) 32 ) ( + ( * v1 4 ) ( + ( / ( - v0 995 ) 32 ) ( * v2 2 ) ) ) ) ( min ( / ( + v0 40 ) 32 ) ( + ( * v1 4 ) ( + ( / ( - v0 995 ) 32 ) ( * v2 2 ) ) ) ) ),1,84
304,( == ( / ( + ( - ( / ( - ( + v0 v1 ) 1 ) 8 ) ( / v1 8 ) ) 6 ) 4 ) ( / ( + ( - ( / ( - ( + v0 v1 ) 1 ) 8 ) ( / v1 8 ) ) 6 ) 4 ) ),1,68
305,( == ( min ( + ( * v0 8 ) ( + ( * v1 128 ) v2 ) ) ( + v3 10 ) ) ( min ( + ( * v0 8 ) ( + ( * v1 128 ) v2 ) ) ( + v3 10 ) ) ),1,48
306,( == ( max ( - ( / ( + ( + v0 v1 ) 15 ) 4 ) ( + ( * v2 12 ) v3 ) ) ( + ( - ( / ( + ( + v0 v1 ) 7 ) 4 ) ( + ( * v4 36 ) ( + ( / v1 4 ) ( * v2 12 ) ) ) ) 2 ) ) ( max ( - ( / ( + ( + v0 v1 ) 15 ) 4 ) ( + ( * v2 12 ) v3 ) ) ( + ( - ( / ( + ( + v0 v1 ) 7 ) 4 ) ( + ( * v4 36 ) ( + ( / v1 4 ) ( * v2 12 ) ) ) ) 2 ) ) ),1,117
307,( == ( min ( * ( max v0 0 ) 8 ) ( + ( + ( * v1 155 ) ( * v2 8 ) ) 143 ) ) ( min ( * ( max v0 0 ) 8 ) ( + ( + ( * v1 155 ) ( * v2 8 ) ) 143 ) ) ),1,60
308,( == ( / ( + ( * ( - ( / ( max ( min ( + v0 v1 ) 1999 ) 0 ) 16 ) ( / ( - ( max ( min v1 2002 ) 3 ) 3 ) 16 ) ) 16 ) 160 ) 127 ) ( / ( + ( * ( - ( / ( max ( min ( + v0 v1 ) 1999 ) 0 ) 16 ) ( / ( - ( max ( min v1 2002 ) 3 ) 3 ) 16 ) ) 16 ) 160 ) 127 ) ),1,108
309,( == ( + ( max ( min ( / v0 2 ) 999 ) 0 ) ( * v1 63 ) ) ( + ( max ( min ( / v0 2 ) 999 ) 0 ) ( * v1 63 ) ) ),1,36
310,( == ( - ( - ( * ( min ( + v0 124 ) v1 ) 8 ) ( * v2 500 ) ) ( * v0 8 ) ) ( - ( - ( * ( min ( + v0 124 ) v1 ) 8 ) ( * v2 500 ) ) ( * v0 8 ) ) ),1,57
311,( == ( / ( + ( * ( - ( / ( + ( + v0 v1 ) 63 ) 8 ) ( / v1 8 ) ) 8 ) 768 ) 708 ) ( / ( + ( * ( - ( / ( + ( + v0 v1 ) 63 ) 8 ) ( / v1 8 ) ) 8 ) 768 ) 708 ) ),1,84
312,( == ( min ( * v0 4 ) ( + ( * v1 4 ) 9 ) ) ( min ( * v0 4 ) ( + ( * v1 4 ) 9 ) ) ),1,48
313,( == ( min ( + ( min ( * v0 8 ) ( + ( + ( * v1 124 ) ( * v2 8 ) ) 16 ) ) 102 ) v3 ) ( min ( + ( min ( * v0 8 ) ( + ( + ( * v1 124 ) ( * v2 8 ) ) 16 ) ) 102 ) v3 ) ),1,65
314,( == ( + ( * v0 128 ) ( + ( * v1 252 ) v2 ) ) ( + ( * v0 128 ) ( + ( * v1 252 ) v2 ) ) ),1,58
315,( == ( / ( + ( - ( / ( + ( + v0 v1 ) 63 ) 8 ) ( / v1 8 ) ) 66 ) 65 ) ( / ( + ( - ( / ( + ( + v0 v1 ) 63 ) 8 ) ( / v1 8 ) ) 66 ) 65 ) ),1,58
316,( == ( min ( - ( / ( + ( max ( min v0 3994 ) -5 ) 19 ) 2 ) ( / ( - ( max ( min v1 4012 ) 13 ) 13 ) 2 ) ) v2 ) ( min ( - ( / ( + ( max ( min v0 3994 ) -5 ) 19 ) 2 ) ( / ( - ( max ( min v1 4012 ) 13 ) 13 ) 2 ) ) v2 ) ),1,79
317,( == ( / ( + v0 256 ) 251 ) ( / ( + v0 256 ) 251 ) ),1,35
318,( == ( min ( + ( max ( min v0 1037 ) 38 ) 459 ) v1 ) ( min ( + ( max ( min v0 1037 ) 38 ) 459 ) v1 ) ),1,60
319,( == ( + ( max ( min ( / v0 2 ) 999 ) 0 ) ( * v1 252 ) ) ( + ( max ( min ( / v0 2 ) 999 ) 0 ) ( * v1 252 ) ) ),1,44
320,( == ( / ( + ( - ( max ( min ( + v0 v1 ) 1998 ) -1 ) ( max ( min v1 1999 ) 0 ) ) 131 ) 128 ) ( / ( + ( - ( max ( min ( + v0 v1 ) 1998 ) -1 ) ( max ( min v1 1999 ) 0 ) ) 131 ) 128 ) ),1,150
321,( == ( min ( - ( - ( min ( - ( + v0 v1 ) ( * v2 252 ) ) ( + ( + ( min ( * v3 64 ) 188 ) v1 ) 64 ) ) ( * v3 64 ) ) v1 ) ( + ( * v4 4 ) 6 ) ) ( min ( - ( - ( min ( - ( + v0 v1 ) ( * v2 252 ) ) ( + ( + ( min ( * v3 64 ) 188 ) v1 ) 64 ) ) ( * v3 64 ) ) v1 ) ( + ( * v4 4 ) 6 ) ) ),1,95
322,( == ( min ( * v0 2 ) ( + ( * ( + ( * v1 30 ) v2 ) 2 ) 47 ) ) ( min ( * v0 2 ) ( + ( * ( + ( * v1 30 ) v2 ) 2 ) 47 ) ) ),1,49
323,( == ( min ( + ( * v0 76 ) v1 ) ( + v2 83 ) ) ( min ( + ( * v0 76 ) v1 ) ( + v2 83 ) ) ),1,46
324,( && ( && ( && ( && ( && ( && 1 ( <= v0 v0 ) ) ( >= ( + v0 3 ) ( + v0 3 ) ) ) ( <= ( + 0 ( + ( * v1 8 ) 1 ) ) ( + ( * v1 8 ) 1 ) ) ) ( >= ( + 3 ( + ( * v1 8 ) 5 ) ) ( + ( * v1 8 ) 8 ) ) ) ( <= v2 v2 ) ) ( >= v2 v2 ) ),1,118
325,( == ( min ( * ( + ( / v0 16 ) v1 ) 8 ) ( + ( min ( * ( / ( + ( + v2 v0 ) 15 ) 16 ) 8 ) 997 ) 11 ) ) ( min ( * ( + ( / v0 16 ) v1 ) 8 ) ( + ( min ( * ( / ( + ( + v2 v0 ) 15 ) 16 ) 8 ) 997 ) 11 ) ) ),1,69
326,( == ( + ( / ( - v0 2 ) 16 ) ( * v1 3 ) ) ( + ( / ( - v0 2 ) 16 ) ( * v1 3 ) ) ),1,46
327,( >= ( - -63 ( max v0 -63 ) ) ( - ( + ( - -63 ( max v0 -63 ) ) ( + ( max v0 -63 ) 67 ) ) 1 ) ),0,55
328,( && ( && ( && ( && ( && ( && 1 ( <= ( + 0 ( + ( * ( + ( * v0 4 ) v1 ) 8 ) v2 ) ) ( + ( * ( + ( * v0 4 ) v1 ) 8 ) v2 ) ) ) ( >= ( + 3 ( + ( + ( * ( + ( * v0 4 ) v1 ) 8 ) v2 ) 4 ) ) ( + ( + ( * ( + ( * v0 4 ) v1 ) 8 ) v2 ) 7 ) ) ) ( <= ( / v3 65 ) ( / v3 65 ) ) ) ( >= ( / ( + v3 1064 ) 65 ) ( / ( + v3 1064 ) 65 ) ) ) ( <= v4 v4 ) ) ( >= v4 v4 ) ),1,174
329,( && ( && ( && ( && ( && ( && 1 ( <= ( + ( + ( * v0 4 ) v1 ) 0 ) ( + ( + ( * v0 4 ) 0 ) v1 ) ) ) ( >= ( + ( + ( * v0 4 ) v1 ) 3 ) ( + ( + ( * v0 4 ) ( - ( + 4 0 ) 1 ) ) v1 ) ) ) ( <= ( + v2 v3 ) ( + v2 v3 ) ) ) ( >= ( + v2 v3 ) ( + v2 v3 ) ) ) ( <= v4 v4 ) ) ( >= v4 v4 ) ),1,183
330,( == ( / ( + ( - ( max ( min ( * ( min ( / ( + ( + v0 v1 ) 499 ) 500 ) 3 ) 8 ) 22 ) -7 ) ( max ( min ( * ( / v1 500 ) 8 ) 36 ) 5 ) ) 50 ) 23 ) ( / ( + ( - ( max ( min ( * ( min ( / ( + ( + v0 v1 ) 499 ) 500 ) 3 ) 8 ) 22 ) -7 ) ( max ( min ( * ( / v1 500 ) 8 ) 36 ) 5 ) ) 50 ) 23 ) ),1,272
331,( == ( * ( / ( * ( % v0 ( / ( + v1 559 ) 504 ) ) -504 ) 4 ) 4 ) ( * ( % v0 ( / ( + v1 559 ) 504 ) ) -504 ) ),1,75
332,( >= ( - v0 99 ) ( - ( + ( - v0 99 ) ( + ( min ( - v1 ( * ( max ( + ( * ( / v2 63 ) 8 ) ( - ( * v3 55 ) ( * v4 8 ) ) ) -9 ) 8 ) ) -147 ) 148 ) ) 1 ) ),1,193
333,( > ( - 0 ( * v0 24 ) ) ( - 191 ( * v0 24 ) ) ),0,28
334,( == ( - ( max ( * ( / ( - ( + v0 v1 ) 1 ) 4 ) 4 ) -3 ) ( + ( * v2 4 ) v3 ) ) ( - ( max ( * ( / ( - ( + v0 v1 ) 1 ) 4 ) 4 ) -3 ) ( + ( * v2 4 ) v3 ) ) ),1,71
335,( == ( min ( / ( + ( + v0 v1 ) 180 ) 8 ) ( + v2 12 ) ) ( min ( / ( + ( + v0 v1 ) 180 ) 8 ) ( + v2 12 ) ) ),1,52
336,( == ( min ( + ( max ( * v0 4 ) -15 ) 16 ) ( + ( min ( * ( + ( * v1 4 ) v2 ) 4 ) 1999 ) ( * ( / ( + v3 19 ) 4 ) 4 ) ) ) ( min ( + ( max ( * v0 4 ) -15 ) 16 ) ( + ( min ( * ( + ( * v1 4 ) v2 ) 4 ) 1999 ) ( * ( / ( + v3 19 ) 4 ) 4 ) ) ) ),1,104
337,( != ( + ( / v0 4 ) 1 ) 0 ),0,346
338,( == ( min ( + ( * ( / ( + ( min ( - ( * v0 4 ) 8 ) v1 ) 15 ) 4 ) 4 ) ( + ( * v2 16 ) v3 ) ) ( + v4 4 ) ) ( min ( + ( * ( / ( + ( min ( - ( * v0 4 ) 8 ) v1 ) 15 ) 4 ) 4 ) ( + ( * v2 16 ) v3 ) ) ( + v4 4 ) ) ),1,80
339,( == ( * ( / ( max ( min ( + ( * v1 -48 ) ( + ( * v2 -16 ) v3 ) ) 12 ) -4 ) 2 ) 2 ) ( max ( min ( + ( * v1 -48 ) ( + ( * v2 -16 ) v3 ) ) 12 ) -4 ) ),0,995
340,( == ( + ( / ( - ( / ( + ( + v0 v1 ) 7 ) 8 ) ( / ( - v1 1 ) 8 ) ) 128 ) 1 ) ( + ( / ( - ( / ( + ( + v0 v1 ) 7 ) 8 ) ( / ( - v1 1 ) 8 ) ) 128 ) 1 ) ),1,70
341,( == ( / ( + ( - v0 v1 ) 168 ) 116 ) ( / ( + ( - v0 v1 ) 168 ) 116 ) ),1,82
342,( == ( min ( + ( * v0 4 ) v1 ) ( + ( * ( / ( + ( + v2 v3 ) 64 ) 65 ) 8 ) 16 ) ) ( min ( + ( * v0 4 ) v1 ) ( + ( * ( / ( + ( + v2 v3 ) 64 ) 65 ) 8 ) 16 ) ) ),1,63
343,( == ( min ( + ( * v0 64 ) v1 ) v2 ) ( min ( + ( * v0 64 ) v1 ) v2 ) ),1,39
344,( && ( && ( && ( && ( && ( && 1 ( <= ( - ( + ( - ( + ( * v0 4 ) v1 ) 3 ) 0 ) 45 ) ( - ( - ( + ( + ( * v0 4 ) 0 ) v1 ) 3 ) 45 ) ) ) ( >= ( - ( + ( + ( + ( * v0 4 ) v1 ) ( - ( - 4 3 ) 1 ) ) 3 ) 45 ) ( - ( + ( + ( + ( * v0 4 ) ( - ( + 4 0 ) 1 ) ) v1 ) ( - ( - 4 3 ) 1 ) ) 45 ) ) ) ( <= 0 0 ) ) ( >= ( - 4 1 ) ( - 4 1 ) ) ) ( <= v2 v2 ) ) ( >= v2 v2 ) ),1,201
345,( == ( + ( max ( + ( * v0 24 ) ( - ( max ( min ( + ( * v1 500 ) v2 ) ( - ( min ( + v3 v2 ) 2499 ) 500 ) ) 0 ) ( max ( min ( + ( * v1 500 ) v2 ) ( - ( min ( + v3 v2 ) 2000 ) 500 ) ) -499 ) ) ) 476 ) ( * v4 4 ) ) ( + ( max ( + ( * v0 24 ) ( - ( max ( min ( + ( * v1 500 ) v2 ) ( - ( min ( + v3 v2 ) 2499 ) 500 ) ) 0 ) ( max ( min ( + ( * v1 500 ) v2 ) ( - ( min ( + v3 v2 ) 2000 ) 500 ) ) -499 ) ) ) 476 ) ( * v4 4 ) ) ),1,1094
346,( && ( && ( && ( && ( && ( && 1 ( <= v0 v0 ) ) ( >= v0 v0 ) ) ( <= ( - ( + ( * ( + v1 v2 ) 4 ) 0 ) 36 ) ( - ( + ( * ( + v1 v2 ) 4 ) 0 ) 36 ) ) ) ( >= ( - ( + ( * ( + v1 v2 ) 4 ) 3 ) 36 ) ( - ( + ( * ( + v1 v2 ) 4 ) ( - ( + 4 0 ) 1 ) ) 36 ) ) ) ( <= ( + ( * v3 73 ) v4 ) ( + ( * v3 73 ) v4 ) ) ) ( >= ( + ( * v3 73 ) v4 ) ( + ( * v3 73 ) v4 ) ) ),1,178
347,( == ( min ( * ( - ( max ( min ( / ( - ( + v0 v1 ) 1 ) 63 ) 31 ) 0 ) ( max ( min ( / v1 63 ) 31 ) 0 ) ) 8 ) ( + ( * v2 8 ) 66 ) ) ( min ( * ( - ( max ( min ( / ( - ( + v0 v1 ) 1 ) 63 ) 31 ) 0 ) ( max ( min ( / v1 63 ) 31 ) 0 ) ) 8 ) ( + ( * v2 8 ) 66 ) ) ),1,263
348,( == ( max ( min ( max ( * ( / v0 8 ) 8 ) 83 ) ( + ( * ( + ( / v0 8 ) v1 ) 8 ) 169 ) ) ( + ( min ( * ( + ( / v0 8 ) v1 ) 8 ) 1914 ) 169 ) ) ( max ( min ( max ( * ( / v0 8 ) 8 ) 83 ) ( + ( * ( + ( / v0 8 ) v1 ) 8 ) 169 ) ) ( + ( min ( * ( + ( / v0 8 ) v1 ) 8 ) 1914 ) 169 ) ) ),1,105
349,( == ( min ( min ( / ( + ( - ( + v0 v1 ) ( * ( + ( * v2 64 ) v3 ) 2 ) ) 10 ) 4 ) ( - ( / ( min ( - v4 v3 ) 64 ) 2 ) 1 ) ) ( / ( - ( min ( - v4 v3 ) 64 ) 1 ) 2 ) ) ( min ( min ( / ( + ( - ( + v0 v1 ) ( * ( + ( * v2 64 ) v3 ) 2 ) ) 10 ) 4 ) ( - ( / ( min ( - v4 v3 ) 64 ) 2 ) 1 ) ) ( / ( - ( min ( - v4 v3 ) 64 ) 1 ) 2 ) ) ),1,124
350,( == ( - -1 ( max ( min ( - v0 v1 ) 3 ) 0 ) ) ( - ( + ( - -1 ( max ( min ( - v0 v1 ) 3 ) 0 ) ) ( + ( max ( min ( - v0 v1 ) 3 ) 0 ) 5 ) ) 1 ) ),0,117
351,( == ( min ( + ( * v0 16 ) v1 ) ( + v2 97 ) ) ( min ( + ( * v0 16 ) v1 ) ( + v2 97 ) ) ),1,52
352,( == ( + ( / v0 4 ) ( * v1 64 ) ) ( + ( / v0 4 ) ( * v1 64 ) ) ),1,987
353,( == ( max ( - -184 ( * ( max ( min ( + ( * ( / v0 65 ) -8 ) ( + ( * v1 -131 ) ( - ( min ( * ( / ( + ( + v2 v0 ) 64 ) 65 ) 8 ) ( + ( + ( * v1 131 ) ( * ( / v0 65 ) 8 ) ) 117 ) ) ( * v3 4 ) ) ) ) -20 ) -23 ) 8 ) ) ( - ( * ( max ( min ( - ( * ( + ( * ( / v0 65 ) 2 ) v3 ) 4 ) ( min ( - ( * ( / ( + ( + v2 v0 ) 64 ) 65 ) 8 ) ( * v1 131 ) ) ( + ( * ( / v0 65 ) 8 ) 117 ) ) ) 23 ) 20 ) 8 ) 184 ) ) ( max ( - -184 ( * ( max ( min ( + ( * ( / v0 65 ) -8 ) ( + ( * v1 -131 ) ( - ( min ( * ( / ( + ( + v2 v0 ) 64 ) 65 ) 8 ) ( + ( + ( * v1 131 ) ( * ( / v0 65 ) 8 ) ) 117 ) ) ( * v3 4 ) ) ) ) -20 ) -23 ) 8 ) ) ( - ( * ( max ( min ( - ( * ( + ( * ( / v0 65 ) 2 ) v3 ) 4 ) ( min ( - ( * ( / ( + ( + v2 v0 ) 64 ) 65 ) 8 ) ( * v1 131 ) ) ( + ( * ( / v0 65 ) 8 ) 117 ) ) ) 23 ) 20 ) 8 ) 184 ) ) ),1,270
354,( == ( - ( + ( / ( + ( min ( * ( + ( * v0 8 ) v1 ) 8 ) ( + ( * v2 8 ) 233 ) ) 67 ) 2 ) ( * v0 -32 ) ) ( * v1 4 ) ) ( - ( + ( / ( + ( min ( * ( + ( * v0 8 ) v1 ) 8 ) ( + ( * v2 8 ) 233 ) ) 67 ) 2 ) ( * v0 -32 ) ) ( * v1 4 ) ) ),1,76
355,( == ( min ( - ( - ( / ( - ( + v0 v1 ) 1 ) 2 ) ( / v1 2 ) ) 251 ) v2 ) ( min ( - ( - ( / ( - ( + v0 v1 ) 1 ) 2 ) ( / v1 2 ) ) 251 ) v2 ) ),1,62
356,( == ( - ( / ( + ( + v0 v1 ) 23 ) 8 ) ( + ( * v2 4 ) v3 ) ) ( - ( / ( + ( + v0 v1 ) 23 ) 8 ) ( + ( * v2 4 ) v3 ) ) ),1,55
357,( == 0 ( - ( + 0 ( + ( * v0 2 ) 12 ) ) 1 ) ),0,49
358,( == ( max ( min ( max ( / ( + ( - v0 ( * v1 2 ) ) 141 ) 128 ) 0 ) ( / ( + ( - v2 v1 ) 63 ) 64 ) ) ( + ( min ( / ( + ( - ( + v3 v0 ) ( * v1 2 ) ) 13 ) 128 ) ( - ( / ( - v2 v1 ) 64 ) 1 ) ) 1 ) ) ( max ( min ( max ( / ( + ( - v0 ( * v1 2 ) ) 141 ) 128 ) 0 ) ( / ( + ( - v2 v1 ) 63 ) 64 ) ) ( + ( min ( / ( + ( - ( + v3 v0 ) ( * v1 2 ) ) 13 ) 128 ) ( - ( / ( - v2 v1 ) 64 ) 1 ) ) 1 ) ) ),1,174
359,( == ( + ( * v0 68 ) ( + ( * v1 132 ) v2 ) ) ( + ( * v0 68 ) ( + ( * v1 132 ) v2 ) ) ),1,31
360,( == ( - ( max ( min v0 2027 ) 28 ) ( + ( * v1 4 ) v2 ) ) ( - ( max ( min v0 2027 ) 28 ) ( + ( * v1 4 ) v2 ) ) ),1,41
361,( != ( / ( + v0 308 ) 250 ) 0 ),0,418
362,( == ( + ( * v0 4 ) ( + ( / ( + v1 v2 ) 2 ) ( * v3 8 ) ) ) ( + ( * v0 4 ) ( + ( / ( + v1 v2 ) 2 ) ( * v3 8 ) ) ) ),1,87
363,( == ( * v0 37 ) ( - ( + ( * v0 37 ) 37 ) 1 ) ),0,24
364,( != ( / ( + v0 43 ) 42 ) 0 ),0,355
365,( == ( + ( / ( - ( / ( + ( + v0 v1 ) 7 ) 8 ) ( / ( - v1 1 ) 8 ) ) 126 ) 1 ) ( + ( / ( - ( / ( + ( + v0 v1 ) 7 ) 8 ) ( / ( - v1 1 ) 8 ) ) 126 ) 1 ) ),1,76
366,( == ( / ( + v0 513 ) 503 ) ( / ( + v0 513 ) 503 ) ),1,13
367,( == ( - ( + ( * v0 2 ) v1 ) ( min ( + v1 130 ) v2 ) ) ( - ( + ( * v0 2 ) v1 ) ( min ( + v1 130 ) v2 ) ) ),1,58
368,( == ( + ( * v0 16 ) ( - ( + ( * v1 2 ) v2 ) ( min ( + ( + ( * v0 16 ) v2 ) 4 ) v3 ) ) ) ( + ( * v0 16 ) ( - ( + ( * v1 2 ) v2 ) ( min ( + ( + ( * v0 16 ) v2 ) 4 ) v3 ) ) ) ),1,77
369,( == ( max ( min ( max ( / ( - 12 v0 ) 4 ) 0 ) ( / ( + ( - v1 v0 ) 7 ) 4 ) ) ( / ( + ( - ( min v1 1002 ) v0 ) 7 ) 4 ) ) ( max ( min ( max ( / ( - 12 v0 ) 4 ) 0 ) ( / ( + ( - v1 v0 ) 7 ) 4 ) ) ( / ( + ( - ( min v1 1002 ) v0 ) 7 ) 4 ) ) ),1,94
370,( == ( min ( - ( / ( + ( + v0 v1 ) 1519 ) 504 ) ( / v1 504 ) ) ( + v2 3 ) ) ( min ( - ( / ( + ( + v0 v1 ) 1519 ) 504 ) ( / v1 504 ) ) ( + v2 3 ) ) ),1,72
371,( < ( + ( + ( min ( * v0 32 ) 93 ) ( + ( * v1 2 ) v2 ) ) v3 ) ( + ( + ( min ( * v0 32 ) 93 ) ( + ( * v1 2 ) ( + v2 1 ) ) ) v3 ) ),1,92
372,( == ( * ( / ( * ( % v0 ( + ( / v1 128 ) 1 ) ) -128 ) 4 ) 4 ) ( * ( % v0 ( + ( / v1 128 ) 1 ) ) -128 ) ),1,74
373,( == ( + ( max ( * v0 3 ) 5 ) ( * ( + ( * ( - ( * v1 4 ) ( min ( * ( + ( * ( / ( - v2 5 ) 63 ) 2 ) v1 ) 4 ) ( + ( * ( / ( + ( + v3 v2 ) 62 ) 63 ) 8 ) 4 ) ) ) 2 ) ( + ( * ( / ( - v2 5 ) 63 ) 16 ) v4 ) ) 4 ) ) ( + ( max ( * v0 3 ) 5 ) ( * ( + ( * ( - ( * v1 4 ) ( min ( * ( + ( * ( / ( - v2 5 ) 63 ) 2 ) v1 ) 4 ) ( + ( * ( / ( + ( + v3 v2 ) 62 ) 63 ) 8 ) 4 ) ) ) 2 ) ( + ( * ( / ( - v2 5 ) 63 ) 16 ) v4 ) ) 4 ) ) ),1,134
374,( > ( - 1 ( + ( * v0 251 ) v1 ) ) ( - 2000 ( + ( * v0 251 ) v1 ) ) ),0,61
375,( == ( min ( - 127 ( * v0 16 ) ) ( - v1 ( + ( * v0 16 ) ( + ( * v2 127 ) v3 ) ) ) ) ( min ( - 127 ( * v0 16 ) ) ( - v1 ( + ( * v0 16 ) ( + ( * v2 127 ) v3 ) ) ) ) ),1,52
376,( == ( - ( min ( - ( / ( + ( + v0 v1 ) 1 ) 2 ) ( * v2 252 ) ) ( + ( + ( / v1 2 ) ( * v3 32 ) ) 31 ) ) ( + ( * v3 32 ) ( + ( / v1 2 ) ( * v4 4 ) ) ) ) ( - ( min ( - ( / ( + ( + v0 v1 ) 1 ) 2 ) ( * v2 252 ) ) ( + ( + ( / v1 2 ) ( * v3 32 ) ) 31 ) ) ( + ( * v3 32 ) ( + ( / v1 2 ) ( * v4 4 ) ) ) ) ),1,101
377,( == ( + ( * v0 46 ) ( - ( / v1 2 ) ( / ( + ( + v2 v1 ) 5 ) 2 ) ) ) ( + ( * v0 46 ) ( - ( / v1 2 ) ( / ( + ( + v2 v1 ) 5 ) 2 ) ) ) ),1,52
378,( == ( * ( / ( min ( - ( max ( min ( min ( + ( + ( + ( min ( * ( / ( + ( min ( + ( * v2 -501 ) ( - v3 ( / v1 2 ) ) ) 499 ) 7 ) 127 ) 127 ) 380 ) ( * v2 501 ) ) ( / v1 2 ) ) 119 ) v3 ) 999 ) 0 ) ( max ( min ( + ( * v2 501 ) ( + ( / v1 2 ) 119 ) ) ( min v3 1125 ) ) 126 ) ) -128 ) 8 ) 8 ) ( min ( - ( max ( min ( min ( + ( + ( + ( min ( * ( / ( + ( min ( + ( * v2 -501 ) ( - v3 ( / v1 2 ) ) ) 499 ) 7 ) 127 ) 127 ) 380 ) ( * v2 501 ) ) ( / v1 2 ) ) 119 ) v3 ) 999 ) 0 ) ( max ( min ( + ( * v2 501 ) ( + ( / v1 2 ) 119 ) ) ( min v3 1125 ) ) 126 ) ) -128 ) ),0,5367
379,( == ( - ( max ( min ( / ( + ( + v0 v1 ) 1 ) 2 ) 999 ) 0 ) ( + ( * v2 32 ) v3 ) ) ( - ( max ( min ( / ( + ( + v0 v1 ) 1 ) 2 ) 999 ) 0 ) ( + ( * v2 32 ) v3 ) ) ),1,83
380,( == ( + ( / ( - ( max ( min ( + v0 v1 ) 2000 ) 1 ) ( max ( min v1 1999 ) 0 ) ) 251 ) 1 ) ( + ( / ( - ( max ( min ( + v0 v1 ) 2000 ) 1 ) ( max ( min v1 1999 ) 0 ) ) 251 ) 1 ) ),1,152
381,( == ( + ( min ( + ( * v0 253 ) 248 ) v1 ) ( / v2 4 ) ) ( + ( min ( + ( * v0 253 ) 248 ) v1 ) ( / v2 4 ) ) ),1,38
382,( == ( * ( / ( * ( % v0 ( / ( + ( * v1 8 ) 47 ) 36 ) ) 36 ) 4 ) 4 ) ( * ( % v0 ( / ( + ( * v1 8 ) 47 ) 36 ) ) 36 ) ),1,55
383,( == ( - ( - ( max ( min ( / ( + ( + v0 v1 ) 7 ) 8 ) 249 ) 0 ) ( * ( / v2 4 ) 65 ) ) ( max ( min ( / v1 8 ) 249 ) 0 ) ) ( - ( - ( max ( min ( / ( + ( + v0 v1 ) 7 ) 8 ) 249 ) 0 ) ( * ( / v2 4 ) 65 ) ) ( max ( min ( / v1 8 ) 249 ) 0 ) ) ),1,83
384,( == ( - v0 ( * ( + ( * v1 2 ) v2 ) 250 ) ) ( - v0 ( * ( + ( * v1 2 ) v2 ) 250 ) ) ),1,54
385,( == ( min ( * ( + ( * v0 4 ) v1 ) 2 ) ( + ( min ( * v0 8 ) 319 ) 6 ) ) ( min ( * ( + ( * v0 4 ) v1 ) 2 ) ( + ( min ( * v0 8 ) 319 ) 6 ) ) ),1,55
386,( == ( + ( / ( - ( / ( + ( + v0 v1 ) 159 ) 32 ) ( / v1 32 ) ) 4 ) 3 ) ( + ( / ( - ( / ( + ( + v0 v1 ) 159 ) 32 ) ( / v1 32 ) ) 4 ) 3 ) ),1,82
387,( == ( min ( max ( min ( + v0 v1 ) 2000 ) 1 ) ( + ( + ( * v2 64 ) v3 ) 59 ) ) ( min ( max ( min ( + v0 v1 ) 2000 ) 1 ) ( + ( + ( * v2 64 ) v3 ) 59 ) ) ),1,73
388,( == ( + ( min ( * v0 128 ) 382 ) ( * ( + ( min ( + ( * v1 252 ) 248 ) v2 ) ( / v3 2 ) ) 2 ) ) ( + ( min ( * v0 128 ) 382 ) ( * ( + ( min ( + ( * v1 252 ) 248 ) v2 ) ( / v3 2 ) ) 2 ) ) ),1,69
389,( == ( min ( max ( min ( / ( + ( + v0 v1 ) 7 ) 8 ) 249 ) 0 ) ( + v2 30 ) ) ( min ( max ( min ( / ( + ( + v0 v1 ) 7 ) 8 ) 249 ) 0 ) ( + v2 30 ) ) ),1,62
390,( && ( && ( && ( && ( && ( && 1 ( <= ( + ( * ( + ( * 0 2 ) ( / v0 65 ) ) 2 ) 0 ) ( + ( * ( / v0 65 ) 2 ) 0 ) ) ) ( >= ( + ( * ( + ( * 0 2 ) ( + ( / v0 65 ) ( * ( / ( + v1 3 ) 2 ) 2 ) ) ) 2 ) 3 ) ( + ( * ( + ( / v0 65 ) ( * ( / ( + v1 3 ) 2 ) 2 ) ) 2 ) ( - ( + 4 0 ) 1 ) ) ) ) ( <= ( - ( + ( + ( * v2 3 ) v3 ) v4 ) 6 ) ( - ( + ( + ( * v2 3 ) v3 ) v4 ) 6 ) ) ) ( >= ( - ( + ( + ( * v2 3 ) v3 ) v4 ) 6 ) ( - ( + ( + ( * v2 3 ) v3 ) v4 ) 6 ) ) ) ( <= v5 v5 ) ) ( >= v5 v5 ) ),1,219
391,( == ( + ( / v0 32 ) ( * ( / v1 2 ) 9 ) ) ( + ( / v0 32 ) ( * ( / v1 2 ) 9 ) ) ),1,88
392,( == ( - ( max ( * v0 32 ) 1964 ) ( min ( * ( / v1 32 ) 32 ) 36 ) ) ( - ( max ( * v0 32 ) 1964 ) ( min ( * ( / v1 32 ) 32 ) 36 ) ) ),1,83
393,( == ( min ( - 244 ( + ( * v0 82 ) ( + ( * v1 14 ) ( * v2 41 ) ) ) ) ( - 40 ( * v1 14 ) ) ) ( min ( - 244 ( + ( * v0 82 ) ( + ( * v1 14 ) ( * v2 41 ) ) ) ) ( - 40 ( * v1 14 ) ) ) ),1,70
394,( == ( + ( / ( + ( + v0 v1 ) 109 ) 2 ) ( * v2 4 ) ) ( + ( / ( + ( + v0 v1 ) 109 ) 2 ) ( * v2 4 ) ) ),1,53
395,( == ( + ( min ( * v0 128 ) ( - v1 128 ) ) ( + ( * v2 64 ) v3 ) ) ( + ( min ( * v0 128 ) ( - v1 128 ) ) ( + ( * v2 64 ) v3 ) ) ),1,53
396,( != ( / ( + ( * v0 64 ) 427 ) 276 ) 0 ),0,442
397,( == ( / ( + ( * ( - ( / ( + ( + v0 v1 ) 7 ) 8 ) ( / v1 8 ) ) 8 ) 258 ) 251 ) ( / ( + ( * ( - ( / ( + ( + v0 v1 ) 7 ) 8 ) ( / v1 8 ) ) 8 ) 258 ) 251 ) ),1,104
398,( == ( min ( max ( min ( / ( + ( + v0 v1 ) 7 ) 8 ) 249 ) 0 ) ( + v2 55 ) ) ( min ( max ( min ( / ( + ( + v0 v1 ) 7 ) 8 ) 249 ) 0 ) ( + v2 55 ) ) ),1,61
399,( == ( min ( - ( + v0 v1 ) ( + ( * v2 1004 ) v3 ) ) ( + ( min ( - v4 ( * v2 1004 ) ) 996 ) 10 ) ) ( min ( - ( + v0 v1 ) ( + ( * v2 1004 ) v3 ) ) ( + ( min ( - v4 ( * v2 1004 ) ) 996 ) 10 ) ) ),1,68
400,( == ( min ( / ( - ( + v0 v1 ) 1 ) 8 ) ( + ( + ( / v1 8 ) ( * ( / v2 64 ) 64 ) ) 63 ) ) ( min ( / ( - ( + v0 v1 ) 1 ) 8 ) ( + ( + ( / v1 8 ) ( * ( / v2 64 ) 64 ) ) 63 ) ) ),1,71
401,( != ( + v0 3 ) 0 ),0,1301
402,( == ( min ( * ( max ( min ( / v0 65 ) 34 ) 3 ) 2 ) ( + ( * ( max ( min ( / ( + ( + v1 v0 ) 64 ) 65 ) 27 ) -4 ) 2 ) 15 ) ) ( min ( * ( max ( min ( / v0 65 ) 34 ) 3 ) 2 ) ( + ( * ( max ( min ( / ( + ( + v1 v0 ) 64 ) 65 ) 27 ) -4 ) 2 ) 15 ) ) ),1,94
403,( == ( min ( + ( * v0 156 ) ( * ( / v1 250 ) 32 ) ) ( + ( * ( / ( + ( + v2 v1 ) 249 ) 250 ) 32 ) 54 ) ) ( min ( + ( * v0 156 ) ( * ( / v1 250 ) 32 ) ) ( + ( * ( / ( + ( + v2 v1 ) 249 ) 250 ) 32 ) 54 ) ) ),1,80
404,( == ( + ( max ( min ( / ( + v0 v1 ) 4 ) 499 ) 0 ) ( max v2 0 ) ) ( + ( max ( min ( / ( + v0 v1 ) 4 ) 499 ) 0 ) ( max v2 0 ) ) ),1,83
405,( == ( min ( + ( * v0 6 ) v1 ) ( + ( min ( / ( + ( + v2 v3 ) 15 ) 8 ) ( + v1 11 ) ) 11 ) ) ( min ( + ( * v0 6 ) v1 ) ( + ( min ( / ( + ( + v2 v3 ) 15 ) 8 ) ( + v1 11 ) ) 11 ) ) ),1,905
406,( == ( min ( + ( min ( * v0 8 ) ( + ( + ( * v1 124 ) ( * v2 8 ) ) 16 ) ) 98 ) v3 ) ( min ( + ( min ( * v0 8 ) ( + ( + ( * v1 124 ) ( * v2 8 ) ) 16 ) ) 98 ) v3 ) ),1,230
407,( == ( min ( + ( max ( min ( * v0 8 ) 2002 ) 3 ) ( * ( / ( + v1 13 ) 4 ) 4 ) ) ( + ( max ( min ( * v2 8 ) 1994 ) -5 ) 14 ) ) ( min ( + ( max ( min ( * v0 8 ) 2002 ) 3 ) ( * ( / ( + v1 13 ) 4 ) 4 ) ) ( + ( max ( min ( * v2 8 ) 1994 ) -5 ) 14 ) ) ),1,89
408,( == ( / ( + ( - ( max ( min ( / ( + ( + v0 v1 ) 7 ) 8 ) 249 ) 0 ) ( max ( min ( / v1 8 ) 249 ) 0 ) ) 14 ) 4 ) ( / ( + ( - ( max ( min ( / ( + ( + v0 v1 ) 7 ) 8 ) 249 ) 0 ) ( max ( min ( / v1 8 ) 249 ) 0 ) ) 14 ) 4 ) ),1,259
409,( < ( + v0 8 ) ( min ( max ( * ( max ( min v1 31 ) 0 ) 8 ) ( + ( + v0 1 ) 8 ) ) ( + v0 1 ) ) ),0,95
410,( == ( / ( + ( * ( - ( / ( + ( + v0 v1 ) 1999 ) 2000 ) ( / v1 2000 ) ) 256 ) 581 ) 50 ) ( / ( + ( * ( - ( / ( + ( + v0 v1 ) 1999 ) 2000 ) ( / v1 2000 ) ) 256 ) 581 ) 50 ) ),1,81
411,( == ( / ( + ( - ( / ( + ( + v0 v1 ) 135 ) 64 ) ( / v1 64 ) ) 18 ) 13 ) ( / ( + ( - ( / ( + ( + v0 v1 ) 135 ) 64 ) ( / v1 64 ) ) 18 ) 13 ) ),1,65
412,( == ( - ( + ( * ( + ( * v0 3 ) v1 ) 12 ) ( * v2 8 ) ) ( * ( / ( - ( + v3 v4 ) 1 ) 63 ) 8 ) ) ( - ( + ( * ( + ( * v0 3 ) v1 ) 12 ) ( * v2 8 ) ) ( * ( / ( - ( + v3 v4 ) 1 ) 63 ) 8 ) ) ),1,73
413,( == ( - ( - 441 ( max ( * v0 127 ) 378 ) ) ( * v1 64 ) ) ( - ( - 441 ( max ( * v0 127 ) 378 ) ) ( * v1 64 ) ) ),1,55
414,( != ( / ( + v0 1018 ) 1004 ) 0 ),0,339
415,( == ( - ( min ( - ( / ( - ( + v0 v1 ) 1 ) 2 ) ( * v2 336 ) ) ( + ( / v1 2 ) 335 ) ) ( + ( / v1 2 ) ( * v3 4 ) ) ) ( - ( min ( - ( / ( - ( + v0 v1 ) 1 ) 2 ) ( * v2 336 ) ) ( + ( / v1 2 ) 335 ) ) ( + ( / v1 2 ) ( * v3 4 ) ) ) ),1,93
416,( == ( min ( * ( + ( * v0 2 ) v1 ) 4 ) ( + ( * v2 8 ) 42 ) ) ( min ( * ( + ( * v0 2 ) v1 ) 4 ) ( + ( * v2 8 ) 42 ) ) ),1,58
417,( == ( / ( + ( * ( - ( / ( - ( + v0 v1 ) 1 ) 63 ) ( / v1 63 ) ) 8 ) 77 ) 68 ) ( / ( + ( * ( - ( / ( - ( + v0 v1 ) 1 ) 63 ) ( / v1 63 ) ) 8 ) 77 ) 68 ) ),1,69
418,( == ( - ( / ( + ( + v0 v1 ) 15 ) 16 ) ( + ( * v2 18 ) v3 ) ) ( - ( / ( + ( + v0 v1 ) 15 ) 16 ) ( + ( * v2 18 ) v3 ) ) ),1,56
419,( == ( + ( * v0 724 ) ( * ( / ( - ( + ( min v1 489 ) v2 ) 569 ) 8 ) 8 ) ) ( + ( * v0 724 ) ( * ( / ( - ( + ( min v1 489 ) v2 ) 569 ) 8 ) 8 ) ) ),1,81
420,( == ( * ( / ( * ( % v0 ( / ( + ( - v1 v2 ) 78 ) 18 ) ) -36 ) 4 ) 4 ) ( * ( % v0 ( / ( + ( - v1 v2 ) 78 ) 18 ) ) -36 ) ),1,63
421,( == ( - ( + ( min ( * v0 4 ) 5 ) ( * v1 8 ) ) ( * ( + ( + ( * v1 2 ) v0 ) v2 ) 4 ) ) ( - ( + ( min ( * v0 4 ) 5 ) ( * v1 8 ) ) ( * ( + ( + ( * v1 2 ) v0 ) v2 ) 4 ) ) ),1,68
422,( == ( + ( min ( * v0 68 ) 64 ) ( + ( min ( * v1 16 ) 52 ) v2 ) ) ( + ( min ( * v0 68 ) 64 ) ( + ( min ( * v1 16 ) 52 ) v2 ) ) ),1,65
423,( == ( + ( max ( min ( + ( * v0 4 ) v1 ) 1117 ) 118 ) ( * v2 2 ) ) ( + ( max ( min ( + ( * v0 4 ) v1 ) 1117 ) 118 ) ( * v2 2 ) ) ),1,75
424,( == ( - ( + v0 v1 ) ( * ( / ( + ( + v0 v1 ) 446 ) 8 ) 8 ) ) ( - ( + v0 v1 ) ( * ( / ( + ( + v0 v1 ) 446 ) 8 ) 8 ) ) ),1,62
425,( == ( min ( - ( - ( * ( - ( min ( max v0 0 ) ( + ( + ( min ( * v1 20 ) 19 ) ( + ( * v2 39 ) v3 ) ) 19 ) ) ( * v1 20 ) ) 8 ) ( * v4 41 ) ) ( * ( + ( * v2 39 ) v3 ) 8 ) ) v5 ) ( min ( - ( - ( * ( - ( min ( max v0 0 ) ( + ( + ( min ( * v1 20 ) 19 ) ( + ( * v2 39 ) v3 ) ) 19 ) ) ( * v1 20 ) ) 8 ) ( * v4 41 ) ) ( * ( + ( * v2 39 ) v3 ) 8 ) ) v5 ) ),1,138
426,( == ( - v0 ( + ( * v1 16 ) v2 ) ) ( - v0 ( + ( * v1 16 ) v2 ) ) ),1,47
427,( && ( && ( && ( && ( && ( && 1 ( <= ( - ( + 0 ( - ( + ( * v0 12 ) v1 ) 2 ) ) 1 ) ( - ( - ( + 0 ( + ( * v0 12 ) v1 ) ) 2 ) 1 ) ) ) ( >= ( - ( + 3 ( + ( + ( * ( / ( max ( * v0 12 ) 20 ) 4 ) -4 ) ( + ( * v0 12 ) v1 ) ) 39 ) ) 1 ) ( - ( + ( + ( - ( + 4 0 ) 1 ) ( + ( + ( * ( / ( max ( * v0 12 ) 20 ) 4 ) -4 ) ( + ( * v0 12 ) v1 ) ) 36 ) ) ( - ( - 6 2 ) 1 ) ) 1 ) ) ) ( <= ( - ( + v2 v3 ) 998 ) ( - ( - ( + v2 v3 ) 2 ) 1001 ) ) ) ( >= ( - ( + v2 v3 ) 998 ) ( - ( + ( + v2 v3 ) ( - ( - 6 2 ) 1 ) ) 1001 ) ) ) ( <= 0 0 ) ) ( >= 0 0 ) ),0,283
428,( <= ( max ( + ( min ( min ( min 1999 1999 ) ( - ( min ( + v1 v2 ) 2000 ) 1 ) ) ( - ( + ( - v4 10 ) ( + ( min v3 116 ) 18 ) ) 1 ) ) 1 ) ( min ( max ( max ( max 0 0 ) ( max v2 0 ) ) ( - v4 10 ) ) ( + ( + ( min v3 116 ) 18 ) ( - v4 10 ) ) ) ) ( min ( max ( max ( max 0 0 ) ( max v2 0 ) ) ( - v4 10 ) ) ( + ( + ( min v3 116 ) 18 ) ( - v4 10 ) ) ) ),0,1673
429,( == ( - ( min ( / ( + ( % ( + ( min ( * v0 125 ) ( - v1 125 ) ) v2 ) 8 ) 124 ) 8 ) ( + ( * v3 8 ) 7 ) ) ( * ( + ( * v3 2 ) v4 ) 4 ) ) ( - ( min ( / ( + ( % ( + ( min ( * v0 125 ) ( - v1 125 ) ) v2 ) 8 ) 124 ) 8 ) ( + ( * v3 8 ) 7 ) ) ( * ( + ( * v3 2 ) v4 ) 4 ) ) ),1,82
430,( == ( min ( max ( * ( min v0 999 ) 2 ) -1 ) ( + ( + ( max ( min ( * v1 2 ) 1997 ) -2 ) ( * v2 4 ) ) 4 ) ) ( min ( max ( * ( min v0 999 ) 2 ) -1 ) ( + ( + ( max ( min ( * v1 2 ) 1997 ) -2 ) ( * v2 4 ) ) 4 ) ) ),1,110
431,( == ( min ( min ( + v0 122 ) v1 ) ( + ( + ( min ( + v0 60 ) v1 ) ( * v2 8 ) ) 8 ) ) ( min ( min ( + v0 122 ) v1 ) ( + ( + ( min ( + v0 60 ) v1 ) ( * v2 8 ) ) 8 ) ) ),1,98
432,( == ( - ( / v0 4 ) ( * v1 32 ) ) ( - ( / v0 4 ) ( * v1 32 ) ) ),1,31
433,( == ( - ( * v0 2 ) 14 ) ( - ( + ( - ( * v0 2 ) 14 ) ( + ( * ( - ( - ( min ( + ( + ( min ( * v1 33 ) 32 ) v2 ) 21 ) v3 ) ( * v1 33 ) ) v2 ) 2 ) 24 ) ) 1 ) ),0,222
434,( == ( - ( * ( / ( + ( + v0 v1 ) 314 ) 63 ) 32 ) ( + ( * v2 4 ) v3 ) ) ( - ( * ( / ( + ( + v0 v1 ) 314 ) 63 ) 32 ) ( + ( * v2 4 ) v3 ) ) ),1,77
435,( == ( min ( / ( + ( * v0 8 ) 631 ) 620 ) ( + ( max ( min ( / ( + ( * ( - v1 ( + ( * v2 154 ) v3 ) ) 8 ) 11 ) 620 ) ( / ( + ( * ( - v1 ( + ( * v2 154 ) v3 ) ) 2 ) 2 ) 155 ) ) ( / ( + ( * ( - v1 ( + ( * v2 154 ) v3 ) ) 8 ) 13 ) 620 ) ) 1 ) ) ( min ( / ( + ( * v0 8 ) 631 ) 620 ) ( + ( max ( min ( / ( + ( * ( - v1 ( + ( * v2 154 ) v3 ) ) 8 ) 11 ) 620 ) ( / ( + ( * ( - v1 ( + ( * v2 154 ) v3 ) ) 2 ) 2 ) 155 ) ) ( / ( + ( * ( - v1 ( + ( * v2 154 ) v3 ) ) 8 ) 13 ) 620 ) ) 1 ) ) ),1,136
436,( == ( min ( - ( / ( + ( + v0 v1 ) 5 ) 2 ) ( * v2 504 ) ) ( + ( + ( min ( * v3 128 ) 380 ) ( / v1 2 ) ) 119 ) ) ( min ( - ( / ( + ( + v0 v1 ) 5 ) 2 ) ( * v2 504 ) ) ( + ( + ( min ( * v3 128 ) 380 ) ( / v1 2 ) ) 119 ) ) ),1,79
437,( >= ( - ( max ( * ( % v0 8 ) 32 ) 220 ) 253 ) ( - ( + ( - ( max ( * ( % v0 8 ) 32 ) 220 ) 253 ) ( - 258 ( max ( * ( % v0 8 ) 32 ) 220 ) ) ) 1 ) ),0,101
438,( && ( && ( && ( && ( && ( && 1 ( <= ( - ( + ( * v0 4 ) v1 ) 10 ) ( - ( + ( * v0 4 ) v1 ) 10 ) ) ) ( >= ( - ( + ( * v0 4 ) v1 ) 7 ) ( - ( + ( * v0 4 ) v1 ) 7 ) ) ) ( <= ( + ( + ( * ( + ( * v2 2 ) 0 ) 4 ) 0 ) 1 ) ( + ( * v2 8 ) 1 ) ) ) ( >= ( + ( + ( * ( + ( * v2 2 ) 1 ) 4 ) 3 ) 1 ) ( + ( * v2 8 ) 8 ) ) ) ( <= v3 v3 ) ) ( >= v3 v3 ) ),1,216
439,( == ( / ( + ( * ( - ( / ( max ( min ( + v0 v1 ) 1999 ) 0 ) 16 ) ( / ( - ( max ( min v1 2002 ) 3 ) 3 ) 16 ) ) 16 ) 546 ) 508 ) ( / ( + ( * ( - ( / ( max ( min ( + v0 v1 ) 1999 ) 0 ) 16 ) ( / ( - ( max ( min v1 2002 ) 3 ) 3 ) 16 ) ) 16 ) 546 ) 508 ) ),1,99
440,( <= ( + ( / ( + v0 v1 ) 65 ) 1 ) ( - ( / ( + ( - v0 1 ) v1 ) 65 ) 1 ) ),0,67
441,( == ( * ( / ( * ( min ( + ( + ( * ( max ( / ( + ( min ( + ( * v3 -4 ) ( - ( max ( / ( + ( + v4 v2 ) 23 ) 8 ) 249 ) ( min ( / v2 8 ) 4 ) ) ) -1 ) 5 ) 2 ) 0 ) 16 ) ( * v3 32 ) ) ( * ( min ( / v2 8 ) 4 ) 8 ) ) ( + ( * ( min ( + ( + ( * ( max ( / ( + ( min ( + ( * v3 -4 ) ( - ( max ( / ( + ( + v4 v2 ) 23 ) 8 ) 249 ) ( min ( / v2 8 ) 4 ) ) ) -1 ) 5 ) 2 ) 0 ) 2 ) ( * v3 4 ) ) ( min ( / v2 8 ) 4 ) ) ( + ( min ( + ( * v3 4 ) ( - ( min ( / v2 8 ) 4 ) 1 ) ) ( max ( / ( + ( + v4 v2 ) 23 ) 8 ) 249 ) ) 5 ) ) 8 ) 12 ) ) -1 ) 4 ) 4 ) ( * ( min ( + ( + ( * ( max ( / ( + ( min ( + ( * v3 -4 ) ( - ( max ( / ( + ( + v4 v2 ) 23 ) 8 ) 249 ) ( min ( / v2 8 ) 4 ) ) ) -1 ) 5 ) 2 ) 0 ) 16 ) ( * v3 32 ) ) ( * ( min ( / v2 8 ) 4 ) 8 ) ) ( + ( * ( min ( + ( + ( * ( max ( / ( + ( min ( + ( * v3 -4 ) ( - ( max ( / ( + ( + v4 v2 ) 23 ) 8 ) 249 ) ( min ( / v2 8 ) 4 ) ) ) -1 ) 5 ) 2 ) 0 ) 2 ) ( * v3 4 ) ) ( min ( / v2 8 ) 4 ) ) ( + ( min ( + ( * v3 4 ) ( - ( min ( / v2 8 ) 4 ) 1 ) ) ( max ( / ( + ( + v4 v2 ) 23 ) 8 ) 249 ) ) 5 ) ) 8 ) 12 ) ) -1 ) ),0,4020
442,( == ( + ( * ( max v0 1 ) -8 ) 5 ) ( - ( + ( + ( * ( max v0 1 ) -8 ) 5 ) ( + ( * ( max v0 1 ) 8 ) 1 ) ) 1 ) ),0,93
443,( == ( min ( * ( + ( * ( + ( * ( / v0 500 ) 16 ) v1 ) 2 ) v2 ) 16 ) ( + ( * ( min ( * ( + ( * ( / v0 500 ) 16 ) v1 ) 4 ) ( + ( * ( / ( - ( + v3 v0 ) 1 ) 500 ) 64 ) 85 ) ) 8 ) 29 ) ) ( min ( * ( + ( * ( + ( * ( / v0 500 ) 16 ) v1 ) 2 ) v2 ) 16 ) ( + ( * ( min ( * ( + ( * ( / v0 500 ) 16 ) v1 ) 4 ) ( + ( * ( / ( - ( + v3 v0 ) 1 ) 500 ) 64 ) 85 ) ) 8 ) 29 ) ) ),1,132
444,( == ( min ( max ( min ( + v0 v1 ) 2000 ) 1 ) ( + ( + ( max ( min ( + ( * v2 1000 ) v1 ) 1999 ) 0 ) ( * v3 64 ) ) 64 ) ) ( min ( max ( min ( + v0 v1 ) 2000 ) 1 ) ( + ( + ( max ( min ( + ( * v2 1000 ) v1 ) 1999 ) 0 ) ( * v3 64 ) ) 64 ) ) ),1,81
445,( == ( max ( * ( + ( * v0 8 ) v1 ) 8 ) ( + ( * ( + ( * ( + ( * v0 2 ) v2 ) 4 ) v1 ) 8 ) 3 ) ) ( max ( * ( + ( * v0 8 ) v1 ) 8 ) ( + ( * ( + ( * ( + ( * v0 2 ) v2 ) 4 ) v1 ) 8 ) 3 ) ) ),1,93
446,( == ( / ( + ( - ( max ( min ( * ( / ( + ( + v0 v1 ) 63 ) 32 ) 32 ) 1994 ) -5 ) ( max ( min ( * ( / v1 32 ) 32 ) 2193 ) 194 ) ) 867 ) 668 ) ( / ( + ( - ( max ( min ( * ( / ( + ( + v0 v1 ) 63 ) 32 ) 32 ) 1994 ) -5 ) ( max ( min ( * ( / v1 32 ) 32 ) 2193 ) 194 ) ) 867 ) 668 ) ),1,273
447,( == ( - ( / ( - ( + v0 v1 ) 1 ) 63 ) ( + ( * v2 4 ) v3 ) ) ( - ( / ( - ( + v0 v1 ) 1 ) 63 ) ( + ( * v2 4 ) v3 ) ) ),1,57
448,( != ( / ( + ( - ( max v0 -1 ) v1 ) 132 ) 128 ) 0 ),0,512
449,( == ( + ( * v0 1043 ) ( * ( / ( - v1 2 ) 16 ) 16 ) ) ( + ( * v0 1043 ) ( * ( / ( - v1 2 ) 16 ) 16 ) ) ),1,21
450,( >= ( * v0 2 ) ( - ( + ( * v0 2 ) ( - ( * 4 2 ) 6 ) ) 1 ) ),0,49
451,( == ( min ( max ( - 9 ( max ( - ( * v0 504 ) v1 ) -496 ) ) ( + ( min ( - v1 ( * v0 504 ) ) 496 ) 6 ) ) ( + ( min v2 496 ) 9 ) ) ( min ( max ( - 9 ( max ( - ( * v0 504 ) v1 ) -496 ) ) ( + ( min ( - v1 ( * v0 504 ) ) 496 ) 6 ) ) ( + ( min v2 496 ) 9 ) ) ),1,96
452,( == ( min ( + ( + ( * v0 16 ) v1 ) 16 ) ( + v2 v3 ) ) ( min ( + ( + ( * v0 16 ) v1 ) 16 ) ( + v2 v3 ) ) ),1,51
453,( == ( min ( max ( / ( + ( - v0 ( max ( * ( min ( / v1 2 ) 1003 ) 2 ) 7 ) ) 15 ) 4 ) 0 ) ( + ( / v2 4 ) 2 ) ) ( min ( max ( / ( + ( - v0 ( max ( * ( min ( / v1 2 ) 1003 ) 2 ) 7 ) ) 15 ) 4 ) 0 ) ( + ( / v2 4 ) 2 ) ) ),1,93
454,( >= ( max ( - -767 ( * v0 8 ) ) ( + ( * v0 8 ) 60 ) ) 0 ),0,535
455,( == ( min ( + ( * v0 8 ) v1 ) ( + v2 40 ) ) ( min ( + ( * v0 8 ) v1 ) ( + v2 40 ) ) ),1,53
456,( == ( + ( - ( * v0 16 ) ( max ( min ( / ( + ( + v1 v2 ) 1 ) 2 ) 999 ) 0 ) ) v3 ) ( + ( - ( * v0 16 ) ( max ( min ( / ( + ( + v1 v2 ) 1 ) 2 ) 999 ) 0 ) ) v3 ) ),1,98
457,( == ( + ( * v0 41 ) ( * ( - ( / ( - ( max ( min ( + ( * v1 128 ) v2 ) ( - ( min ( + v3 v2 ) 2130 ) 128 ) ) 3 ) 3 ) 16 ) ( / ( max ( min ( + ( * v1 128 ) v2 ) ( - ( min ( + v3 v2 ) 1999 ) 128 ) ) -128 ) 16 ) ) 16 ) ) ( + ( * v0 41 ) ( * ( - ( / ( - ( max ( min ( + ( * v1 128 ) v2 ) ( - ( min ( + v3 v2 ) 2130 ) 128 ) ) 3 ) 3 ) 16 ) ( / ( max ( min ( + ( * v1 128 ) v2 ) ( - ( min ( + v3 v2 ) 1999 ) 128 ) ) -128 ) 16 ) ) 16 ) ) ),1,139
458,( == ( * ( / ( * ( max ( + ( * v0 -8 ) ( + 8 ( / ( + v1 ( min ( * v2 128 ) ( - v3 128 ) ) ) 2 ) ) ) ( / ( + ( + v1 ( min ( * v2 128 ) ( - v3 128 ) ) ) 3 ) 2 ) ) -2 ) 2 ) 2 ) ( * ( max ( + ( * v0 -8 ) ( + 8 ( / ( + v1 ( min ( * v2 128 ) ( - v3 128 ) ) ) 2 ) ) ) ( / ( + ( + v1 ( min ( * v2 128 ) ( - v3 128 ) ) ) 3 ) 2 ) ) -2 ) ),1,117
459,( == ( - ( / v0 4 ) ( * v1 32 ) ) ( - ( / v0 4 ) ( * v1 32 ) ) ),1,46
460,( == ( min ( max ( min v0 31 ) 0 ) ( + ( + ( max ( min ( / v1 63 ) 31 ) 0 ) ( * v2 4 ) ) 3 ) ) ( min ( max ( min v0 31 ) 0 ) ( + ( + ( max ( min ( / v1 63 ) 31 ) 0 ) ( * v2 4 ) ) 3 ) ) ),1,80
461,( == ( + ( / ( + v0 2 ) 32 ) ( / ( + ( % ( + v0 2 ) 32 ) 31 ) 32 ) ) ( + ( / ( + v0 2 ) 32 ) ( / ( + ( % ( + v0 2 ) 32 ) 31 ) 32 ) ) ),1,54
462,( != ( / ( + ( - v0 v1 ) 273 ) 252 ) 0 ),0,463
463,( && ( && ( && ( && ( && ( && 1 ( <= ( + ( + ( * v0 4 ) v1 ) 0 ) ( + ( + ( * v0 4 ) 0 ) v1 ) ) ) ( >= ( + ( + ( * v0 4 ) v1 ) 3 ) ( + ( + ( * v0 4 ) ( - ( + 4 0 ) 1 ) ) v1 ) ) ) ( <= 0 0 ) ) ( >= 0 0 ) ) ( <= 0 0 ) ) ( >= 2 ( - ( + 3 0 ) 1 ) ) ),1,143
464,( >= ( max ( - -415 ( * ( - v0 v1 ) 8 ) ) ( + ( * ( - v0 v1 ) 8 ) 106 ) ) 0 ),0,725
465,( == ( + ( * v0 17 ) ( + ( * v1 63 ) ( + v2 v3 ) ) ) ( + ( * v0 17 ) ( + ( * v1 63 ) ( + v2 v3 ) ) ) ),1,58
466,( >= ( + ( / ( - ( max ( / ( - ( + v0 v1 ) 1 ) 8 ) 249 ) ( min ( / v1 8 ) 0 ) ) 63 ) 1 ) 0 ),1,76
467,( == ( - ( * ( max v0 220 ) 8 ) 1787 ) ( - ( + ( - ( * ( max v0 220 ) 8 ) 1787 ) ( - 1792 ( * ( max v0 220 ) 8 ) ) ) 1 ) ),0,96
468,( == ( max ( min v0 4 ) ( + ( min ( - ( min ( / ( - 249 v1 ) 8 ) ( - v2 1 ) ) v3 ) 3 ) 1 ) ) ( max ( min v0 4 ) ( + ( min ( - ( min ( / ( - 249 v1 ) 8 ) ( - v2 1 ) ) v3 ) 3 ) 1 ) ) ),1,107
469,( == ( + ( * v0 36 ) ( * ( / ( + v1 v2 ) 8 ) 8 ) ) ( + ( * v0 36 ) ( * ( / ( + v1 v2 ) 8 ) 8 ) ) ),1,61
470,( == ( max ( + ( * ( min ( - ( max ( min ( / ( + ( + v0 v1 ) 7 ) 8 ) 249 ) 0 ) ( max ( min ( / v1 8 ) 249 ) 0 ) ) v2 ) 2 ) 1 ) v3 ) ( max ( + ( * ( min ( - ( max ( min ( / ( + ( + v0 v1 ) 7 ) 8 ) 249 ) 0 ) ( max ( min ( / v1 8 ) 249 ) 0 ) ) v2 ) 2 ) 1 ) v3 ) ),1,259
471,( && ( && ( && ( && ( && ( && 1 ( <= ( + 0 ( + ( * v0 32 ) v1 ) ) ( + ( * v0 32 ) v1 ) ) ) ( >= ( + 3 ( + ( + ( * v0 32 ) v1 ) 28 ) ) ( + ( + ( * v0 32 ) 31 ) v1 ) ) ) ( <= ( + v2 v3 ) ( + v2 v3 ) ) ) ( >= ( + v2 v3 ) ( + v2 v3 ) ) ) ( <= v4 v4 ) ) ( >= v4 v4 ) ),1,134
472,( == ( - ( - ( / ( - ( + v0 v1 ) 1 ) 8 ) ( * v2 125 ) ) ( / v1 8 ) ) ( - ( - ( / ( - ( + v0 v1 ) 1 ) 8 ) ( * v2 125 ) ) ( / v1 8 ) ) ),1,74
473,( == ( - ( max ( min ( + ( min ( + ( * v0 252 ) 252 ) v1 ) v2 ) 2000 ) 1 ) ( + ( max ( min ( + ( * v0 252 ) v2 ) 1999 ) 0 ) ( * v3 4 ) ) ) ( - ( max ( min ( + ( min ( + ( * v0 252 ) 252 ) v1 ) v2 ) 2000 ) 1 ) ( + ( max ( min ( + ( * v0 252 ) v2 ) 1999 ) 0 ) ( * v3 4 ) ) ) ),1,97
474,( == ( min ( + ( * v0 504 ) v1 ) ( - ( min v2 2495 ) 496 ) ) ( min ( + ( * v0 504 ) v1 ) ( - ( min v2 2495 ) 496 ) ) ),1,56
475,( < ( + ( + ( * v0 260 ) v1 ) 264 ) ( - ( + ( * ( + v0 1 ) 260 ) v1 ) 4 ) ),0,58
476,( >= ( - ( max ( - ( * v0 8 ) v1 ) ( + ( - v1 ( * v0 8 ) ) 588 ) ) 546 ) 0 ),0,663
477,( == ( + ( * v0 66 ) ( * ( + ( * v1 31 ) v2 ) 8 ) ) ( + ( * v0 66 ) ( * ( + ( * v1 31 ) v2 ) 8 ) ) ),1,43
478,( == ( - ( / ( - ( + v0 v1 ) 1 ) 2 ) ( + ( * ( + ( * v2 18 ) ( + ( * v3 6 ) ( + ( * v4 2 ) v5 ) ) ) 4 ) v6 ) ) ( - ( / ( - ( + v0 v1 ) 1 ) 2 ) ( + ( * ( + ( * v2 18 ) ( + ( * v3 6 ) ( + ( * v4 2 ) v5 ) ) ) 4 ) v6 ) ) ),1,83
479,( == ( * ( / ( * ( % v0 ( / ( + v1 133 ) 132 ) ) -132 ) 12 ) 12 ) ( * ( % v0 ( / ( + v1 133 ) 132 ) ) -132 ) ),1,51
480,( == ( - ( - ( max ( min ( * ( / ( - ( + v0 v1 ) 1 ) 63 ) 8 ) 244 ) -5 ) ( * v2 8 ) ) ( max ( min ( * ( / v1 63 ) 8 ) 285 ) 36 ) ) ( - ( - ( max ( min ( * ( / ( - ( + v0 v1 ) 1 ) 63 ) 8 ) 244 ) -5 ) ( * v2 8 ) ) ( max ( min ( * ( / v1 63 ) 8 ) 285 ) 36 ) ) ),1,86
481,( != ( / ( + ( - ( max v0 1 ) v1 ) 35 ) 36 ) 0 ),0,613
482,( == ( min ( / ( + ( + v0 v1 ) 159 ) 32 ) ( + v2 3 ) ) ( min ( / ( + ( + v0 v1 ) 159 ) 32 ) ( + v2 3 ) ) ),1,51
483,( == ( + ( * v0 7 ) ( * ( max ( min v1 31 ) 0 ) 2 ) ) ( + ( * v0 7 ) ( * ( max ( min v1 31 ) 0 ) 2 ) ) ),1,54
484,( == ( + ( / ( + ( % ( + v0 v1 ) 4 ) 487 ) 4 ) ( * v2 -64 ) ) ( + ( / ( + ( % ( + v0 v1 ) 4 ) 487 ) 4 ) ( * v2 -64 ) ) ),1,53
485,( == ( + ( / v0 16 ) ( * v1 3 ) ) ( + ( / v0 16 ) ( * v1 3 ) ) ),1,37
486,( == ( min ( + ( * v0 24 ) 22 ) v1 ) ( min ( + ( * v0 24 ) 22 ) v1 ) ),1,49
487,( == ( min ( - ( max ( min ( * ( / ( + ( + v0 v1 ) 15 ) 16 ) 8 ) 990 ) -9 ) ( max ( * ( min ( / v1 16 ) 126 ) 8 ) 9 ) ) v2 ) ( min ( - ( max ( min ( * ( / ( + ( + v0 v1 ) 15 ) 16 ) 8 ) 990 ) -9 ) ( max ( * ( min ( / v1 16 ) 126 ) 8 ) 9 ) ) v2 ) ),1,135
488,( != ( / ( + v0 23 ) 16 ) 0 ),0,364
489,( == ( + ( * ( min ( - ( / ( + ( + v0 v1 ) 7 ) 8 ) ( * v2 63 ) ) ( + ( / v1 8 ) 62 ) ) -2 ) ( + ( * ( + ( / v1 8 ) ( * v3 38 ) ) 2 ) ( + ( * v4 16 ) v5 ) ) ) ( + ( * ( min ( - ( / ( + ( + v0 v1 ) 7 ) 8 ) ( * v2 63 ) ) ( + ( / v1 8 ) 62 ) ) -2 ) ( + ( * ( + ( / v1 8 ) ( * v3 38 ) ) 2 ) ( + ( * v4 16 ) v5 ) ) ) ),1,117
490,( == ( + ( * v0 20 ) ( * ( + ( * v1 4 ) v2 ) 8 ) ) ( + ( * v0 20 ) ( * ( + ( * v1 4 ) v2 ) 8 ) ) ),1,96
491,( == ( min ( max v0 249 ) ( - ( + ( min v1 0 ) ( * ( / ( + v2 7 ) 4 ) 4 ) ) 4 ) ) ( min ( max v0 249 ) ( - ( + ( min v1 0 ) ( * ( / ( + v2 7 ) 4 ) 4 ) ) 4 ) ) ),1,75
492,( == ( - v0 ( / ( + v1 v2 ) 63 ) ) ( - v0 ( / ( + v1 v2 ) 63 ) ) ),1,66
493,( == ( - v0 ( max ( min ( + ( * v1 8 ) v2 ) 999 ) 0 ) ) ( - v0 ( max ( min ( + ( * v1 8 ) v2 ) 999 ) 0 ) ) ),1,61
494,( == ( - ( - ( * v0 8 ) ( * v1 87 ) ) ( + ( * v2 3 ) v3 ) ) ( - ( - ( * v0 8 ) ( * v1 87 ) ) ( + ( * v2 3 ) v3 ) ) ),1,63
495,( == ( min ( - 500 ( * v0 16 ) ) ( + ( - v1 ( + ( * v0 16 ) ( * ( / v2 4 ) 501 ) ) ) 1 ) ) ( min ( - 500 ( * v0 16 ) ) ( + ( - v1 ( + ( * v0 16 ) ( * ( / v2 4 ) 501 ) ) ) 1 ) ) ),1,76
496,( != ( / ( + v0 11 ) 3 ) 0 ),0,351
497,( == ( + ( max ( min ( + ( * v0 68 ) v1 ) 378 ) 129 ) ( * v2 4 ) ) ( + ( max ( min ( + ( * v0 68 ) v1 ) 378 ) 129 ) ( * v2 4 ) ) ),1,47
498,( != ( / ( + ( * v0 32 ) 72 ) 7 ) 0 ),0,437
499,( == ( min ( * ( + ( / v0 63 ) v1 ) 64 ) ( + v2 391 ) ) ( min ( * ( + ( / v0 63 ) v1 ) 64 ) ( + v2 391 ) ) ),1,50
500,( == ( min ( / ( + ( + v0 v1 ) 124 ) 8 ) ( + ( + ( * v2 4 ) v3 ) 3 ) ) ( min ( / ( + ( + v0 v1 ) 124 ) 8 ) ( + ( + ( * v2 4 ) v3 ) 3 ) ) ),1,66
